target,top_k,book,CAGR,vol,Sharpe,MaxDD,turn/yr,cost drag %/yr,sharpe_se,years,n_periods,total_return_pct
ret_1d,5.0,random_forest top5,-33.14,98.01,0.091,-99.67,452.8,67.92,0.403,6.15,2245,-91.6
ret_1d,10.0,random_forest top10,-26.45,91.76,0.136,-99.19,391.08,58.66,0.403,6.15,2245,-84.9
ret_1d,20.0,random_forest top20,-14.17,89.13,0.284,-97.38,305.82,45.87,0.403,6.15,2245,-60.9
ret_1d,,equal-weight all eligible,-6.49,86.04,0.362,-95.65,5.93,0.89,0.403,6.15,2245,-33.8
ret_1d,,BTC buy-and-hold,38.56,57.21,0.856,-76.63,0.16,0.02,0.403,6.15,2245,643.5
ret_1d,10.0,-vol_60_xs top10 (1 feature),23.1,66.28,0.651,-79.98,26.14,3.92,0.403,6.15,2245,259.0
xsret_1d,5.0,extra_trees top5,3.53,71.92,0.415,-90.46,171.18,25.68,0.41,5.96,2177,23.0
xsret_1d,10.0,extra_trees top10,2.6,73.88,0.411,-93.08,148.92,22.34,0.41,5.96,2177,16.6
xsret_1d,20.0,extra_trees top20,1.53,78.79,0.422,-94.51,122.49,18.37,0.41,5.96,2177,9.5
xsret_1d,,equal-weight all eligible,-4.91,86.07,0.382,-95.65,5.95,0.89,0.41,5.96,2177,-25.9
xsret_1d,,BTC buy-and-hold,41.42,57.48,0.89,-76.63,0.17,0.03,0.41,5.96,2177,690.1
xsret_1d,10.0,-vol_60_xs top10 (1 feature),24.09,66.13,0.663,-79.98,26.62,3.99,0.41,5.96,2177,262.3
ret_7d,5.0,extra_trees top5,14.54,88.07,0.568,-86.16,58.42,8.76,0.405,6.12,319,129.5
ret_7d,10.0,extra_trees top10,26.36,83.73,0.684,-82.59,50.77,7.62,0.405,6.12,319,318.5
ret_7d,20.0,extra_trees top20,5.94,83.91,0.483,-90.48,41.8,6.27,0.405,6.12,319,42.4
ret_7d,,equal-weight all eligible,-11.4,85.8,0.289,-95.77,4.76,0.71,0.404,6.12,319,-52.3
ret_7d,,BTC buy-and-hold,37.32,59.5,0.827,-76.63,0.16,0.02,0.406,6.12,319,595.9
ret_7d,10.0,-vol_60_xs top10 (1 feature),28.81,69.15,0.704,-77.69,13.14,1.97,0.405,6.12,319,370.6
ret_28d,5.0,random_forest top5,-16.12,79.83,0.155,-95.34,15.54,2.33,0.406,6.06,79,-65.5
ret_28d,10.0,random_forest top10,1.64,83.98,0.397,-89.53,13.89,2.08,0.407,6.06,79,10.4
ret_28d,20.0,random_forest top20,0.51,81.17,0.374,-86.39,11.72,1.76,0.407,6.06,79,3.1
ret_28d,,equal-weight all eligible,-9.35,88.58,0.293,-95.02,4.03,0.6,0.407,6.06,79,-44.8
ret_28d,,BTC buy-and-hold,37.96,64.91,0.805,-74.98,0.17,0.02,0.411,6.06,79,603.0
ret_28d,10.0,-vol_60_xs top10 (1 feature),24.23,73.49,0.617,-76.69,8.02,1.2,0.409,6.06,79,272.4
xsret_7d,5.0,extra_trees top5,39.64,67.22,0.833,-81.33,21.97,3.3,0.412,5.93,309,623.4
xsret_7d,10.0,extra_trees top10,40.34,73.9,0.823,-75.53,27.24,4.09,0.412,5.93,309,645.0
xsret_7d,20.0,extra_trees top20,27.45,79.73,0.695,-82.5,25.85,3.88,0.412,5.93,309,321.0
xsret_7d,,equal-weight all eligible,-10.95,86.16,0.296,-95.77,4.76,0.71,0.411,5.93,309,-49.7
xsret_7d,,BTC buy-and-hold,38.1,60.1,0.833,-76.63,0.17,0.03,0.412,5.93,309,577.2
xsret_7d,10.0,-vol_60_xs top10 (1 feature),28.38,69.46,0.699,-77.69,13.4,2.01,0.412,5.93,309,339.5
xsret_28d,5.0,extra_trees top5,54.38,87.15,0.832,-63.24,6.55,0.98,0.42,5.83,76,1157.7
xsret_28d,10.0,extra_trees top10,32.09,93.22,0.667,-73.13,8.27,1.24,0.418,5.83,76,406.7
xsret_28d,20.0,extra_trees top20,12.99,86.85,0.512,-73.19,8.37,1.26,0.416,5.83,76,103.8
xsret_28d,,equal-weight all eligible,-12.96,96.95,0.293,-95.09,3.96,0.59,0.415,5.83,76,-55.5
xsret_28d,,BTC buy-and-hold,35.5,65.21,0.768,-73.38,0.17,0.03,0.419,5.83,76,487.9
xsret_28d,10.0,-vol_60_xs top10 (1 feature),26.7,87.49,0.621,-77.35,7.62,1.14,0.417,5.83,76,297.4
