target,scope,model,n,rank_ic,ic_t,ic_periods,ic_hit_periods,dir_acc,dir_ci_lo,dir_ci_hi,beats_coinflip,xs_dir_acc,xs_dir_ci_lo,xs_dir_ci_hi,xs_beats_coinflip,r2_oos_vs_persistence,rmse,rmse_persistence,mape_ret_pct,mape_persistence_pct,scale,r2_vs_train_mean,r2_vs_test_mean,corr,spearman,qlike,bias,base_rate_test,base_rate_train,brier,brier_base,brier_skill,brier_skill_vs_test_base,auc,p_top_decile,p_bottom_decile,lift_top_decile,mean_abs_calib_gap
ret_7d,global,extra_trees [shuffled global],28191,-0.00222,-0.33,320.0,0.497,0.5464,0.5406,0.5522,True,0.4979,0.4921,0.5038,False,0.00722,0.16332,0.16392,146.3,100.0,,,,,,,,,,,,,,,,,,
ret_7d,within_ts,extra_trees [shuffled within_ts],28191,-0.00847,-1.35,320.0,0.534,0.5073,0.5015,0.5131,True,0.4986,0.4927,0.5045,False,-0.00524,0.16514,0.16471,125.2,100.0,,,,,,,,,,,,,,,,,,
ret_28d,global,random_forest [shuffled global],28023,-0.00545,-0.77,317.0,0.505,0.6119,0.6062,0.6176,True,0.498,0.4921,0.5038,False,0.03362,0.32137,0.32692,198.5,100.0,,,,,,,,,,,,,,,,,,
ret_28d,within_ts,random_forest [shuffled within_ts],28023,0.002,0.3,317.0,0.498,0.5027,0.4968,0.5085,False,0.5012,0.4953,0.5071,False,-0.02741,0.33244,0.32798,152.2,100.0,,,,,,,,,,,,,,,,,,
xsret_7d,global,extra_trees [shuffled global],27935,-0.00303,-0.45,310.0,0.5,0.4569,0.451,0.4627,False,0.495,0.4891,0.5009,False,,,0.1639,,100.0,rank,,,,,,,,,,,,,,,,,
xsret_7d,within_ts,extra_trees [shuffled within_ts],27935,-0.00398,-0.58,310.0,0.519,0.452,0.4462,0.4579,False,0.4926,0.4867,0.4985,False,,,0.16489,,100.0,rank,,,,,,,,,,,,,,,,,
xsret_28d,global,extra_trees [shuffled global],27799,-0.00131,-0.21,308.0,0.516,0.3946,0.3888,0.4003,False,0.4985,0.4925,0.5044,False,,,0.32608,,100.0,rank,,,,,,,,,,,,,,,,,
xsret_28d,within_ts,extra_trees [shuffled within_ts],27799,0.00027,0.04,308.0,0.51,0.3943,0.3885,0.4,False,0.5042,0.4983,0.5101,False,,,0.32849,,100.0,rank,,,,,,,,,,,,,,,,,
vol_7d,global,catboost [shuffled global],28191,,,,,,,,,,,,,,0.67975,,,,,-0.0772,-0.0773,0.0031,0.0027,1.74958,-0.16114,,,,,,,,,,,
vol_7d,within_ts,catboost [shuffled within_ts],28191,,,,,,,,,,,,,,0.67574,,,,,-0.0003,-0.0587,0.2307,0.2545,1.82568,-0.21801,,,,,,,,,,,
vol_28d,global,xgboost [shuffled global],28023,,,,,,,,,,,,,,0.5247,,,,,-0.0816,-0.0831,0.0048,0.0051,1.4695,-0.07625,,,,,,,,,,,
vol_28d,within_ts,xgboost [shuffled within_ts],28023,,,,,,,,,,,,,,0.53071,,,,,0.0065,-0.0946,0.191,0.1476,1.56954,-0.14647,,,,,,,,,,,
dd_7d_20,global,extra_trees [shuffled global],28192,,,,,,,,,,,,,,,,,,,,,,,,,0.1797,0.1745,0.14778,0.14746,-0.0022,-0.0024,0.4981,0.1692,0.1777,0.941,0.0204
dd_7d_20,within_ts,extra_trees [shuffled within_ts],28192,,,,,,,,,,,,,,,,,,,,,,,,,0.1827,0.1074,0.15097,0.15497,0.0259,-0.0111,0.5294,0.2086,0.1582,1.142,0.0483
dd_7d_40,global,extra_trees [shuffled global],28192,,,,,,,,,,,,,,,,,,,,,,,,,0.0286,0.0277,0.02785,0.02781,-0.0015,-0.0015,0.5009,0.0266,0.0252,0.929,0.0016
dd_7d_40,within_ts,extra_trees [shuffled within_ts],28192,,,,,,,,,,,,,,,,,,,,,,,,,0.0292,0.0151,0.02852,0.0285,-0.0006,-0.0076,0.5339,0.0273,0.0234,0.937,0.0113
dd_28d_20,global,random_forest [shuffled global],28058,,,,,,,,,,,,,,,,,,,,,,,,,0.5195,0.5295,0.25259,0.24972,-0.0115,-0.0119,0.496,0.5077,0.5237,0.977,0.0869
dd_28d_20,within_ts,random_forest [shuffled within_ts],28058,,,,,,,,,,,,,,,,,,,,,,,,,0.5278,0.3544,0.27422,0.27928,0.0181,-0.1003,0.5145,0.5733,0.528,1.086,0.2156
dd_28d_40,global,random_forest [shuffled global],28035,,,,,,,,,,,,,,,,,,,,,,,,,0.1868,0.174,0.1522,0.15207,-0.0008,-0.0019,0.4982,0.1894,0.1809,1.014,0.0134
dd_28d_40,within_ts,random_forest [shuffled within_ts],28035,,,,,,,,,,,,,,,,,,,,,,,,,0.19,0.106,0.15955,0.16096,0.0088,-0.0367,0.5287,0.2255,0.1534,1.187,0.0778
xsret_1d,global,extra_trees [shuffled global],195881,-0.00161,-0.61,2178.0,0.506,0.487,0.4848,0.4892,False,0.4997,0.4975,0.5019,False,,,0.06377,,100.0,rank,,,,,,,,,,,,,,,,,
xsret_1d,within_ts,extra_trees [shuffled within_ts],195881,0.00072,0.28,2178.0,0.503,0.4855,0.4833,0.4877,False,0.4997,0.4975,0.5019,False,,,0.06422,,100.0,rank,,,,,,,,,,,,,,,,,
