date,open,high,low,close
2021-03-24,94.18,106.94,92.67,106.73
2021-03-25,106.73,109.35,102.0,105.39
2021-03-26,105.38,105.92,83.04,90.27
2021-03-27,90.28,90.67,84.86,87.46
2021-03-28,87.46,88.15,82.81,84.22
2021-03-29,84.21,89.34,83.61,88.24
2021-03-30,88.24,91.8,86.8,89.19
2021-03-31,89.19,95.85,85.4,93.88
2021-04-01,93.88,95.66,86.24,89.09
2021-04-02,89.09,95.67,88.63,94.81
2021-04-03,94.82,96.42,93.65,95.17
2021-04-04,95.17,95.92,90.43,93.72
2021-04-05,93.72,93.91,90.08,91.94
2021-04-06,91.94,93.84,91.3,92.31
2021-04-07,92.31,92.47,87.58,88.32
2021-04-08,88.32,89.05,83.8,86.21
2021-04-09,86.21,89.26,83.19,84.58
2021-04-10,84.58,92.64,83.99,90.53
2021-04-11,90.53,93.45,89.79,93.35
2021-04-12,93.35,97.67,92.68,96.81
2021-04-13,96.82,102.46,96.78,102.2
2021-04-14,102.2,102.42,92.85,94.57
2021-04-15,94.57,95.92,88.65,89.72
2021-04-16,89.72,90.87,84.97,85.47
2021-04-17,85.47,85.75,80.81,83.47
2021-04-18,83.47,99.72,82.02,97.12
2021-04-19,97.11,98.89,93.51,93.87
2021-04-20,93.87,96.37,92.51,94.36
2021-04-21,94.39,95.16,92.12,92.71
2021-04-22,92.71,97.21,83.47,91.92
2021-04-23,91.92,105.97,90.89,94.38
2021-04-24,94.38,101.12,94.25,100.44
2021-04-25,100.44,104.82,99.82,101.64
2021-04-26,101.64,103.15,89.71,91.39
2021-04-27,91.38,95.02,83.8,92.29
2021-04-28,92.29,94.24,87.58,88.95
2021-04-29,88.94,94.96,86.48,94.2
2021-04-30,94.2,96.63,92.99,95.97
2021-05-01,95.97,98.58,88.61,98.0
2021-05-02,98.0,98.78,89.43,95.95
2021-05-03,95.95,113.99,90.63,111.48
2021-05-04,111.48,123.27,104.38,116.77
2021-05-05,116.77,118.2,112.49,117.82
2021-05-06,117.82,117.96,114.26,115.85
2021-05-07,115.85,116.37,108.66,109.35
2021-05-08,109.34,115.3,108.67,113.49
2021-05-09,113.49,115.48,111.21,115.12
2021-05-10,115.12,125.78,114.99,124.28
2021-05-11,124.29,127.94,123.86,127.51
2021-05-12,127.51,135.1,123.64,132.93
2021-05-13,132.98,136.72,121.25,124.53
2021-05-14,122.63,125.42,120.46,125.3
2021-05-15,125.3,129.5,124.25,128.69
2021-05-16,128.69,135.15,122.62,129.27
2021-05-17,129.27,146.57,127.4,131.11
2021-05-18,131.11,131.12,126.68,129.27
2021-05-19,129.27,175.93,128.35,158.27
2021-05-20,158.29,192.29,158.03,181.68
2021-05-21,181.69,192.8,161.88,185.12
2021-05-22,185.12,200.15,182.97,186.76
2021-05-23,186.76,206.44,180.96,193.34
2021-05-24,193.37,193.51,162.52,165.51
2021-05-25,165.51,171.2,160.74,167.01
2021-05-26,168.37,170.41,161.42,162.34
2021-05-27,162.34,165.79,157.13,161.07
2021-05-28,161.07,172.56,160.12,170.2
2021-05-29,170.2,174.05,162.9,173.12
2021-05-30,170.97,174.18,155.15,156.16
2021-05-31,156.16,158.07,143.45,148.59
2021-06-01,148.6,150.99,145.49,149.88
2021-06-02,149.88,150.81,143.92,145.1
2021-06-03,145.1,145.47,138.74,140.76
2021-06-04,140.76,144.97,138.46,138.64
2021-06-05,138.64,141.05,135.46,140.87
2021-06-06,140.87,140.92,137.01,138.32
2021-06-07,138.32,138.89,131.64,138.24
2021-06-08,138.24,148.32,137.73,141.21
2021-06-09,141.21,142.15,133.1,133.27
2021-06-10,133.27,133.57,125.32,125.64
2021-06-11,125.64,126.19,120.74,122.64
2021-06-12,122.64,124.89,119.56,122.26
2021-06-13,122.26,123.77,120.14,123.11
2021-06-14,123.11,123.37,118.53,119.31
2021-06-15,119.31,119.58,110.31,110.35
2021-06-16,110.34,110.34,107.23,109.16
2021-06-17,109.15,109.77,105.28,106.66
2021-06-18,106.66,116.05,105.79,108.92
2021-06-19,108.92,108.97,101.81,103.76
2021-06-20,103.76,110.81,103.5,106.78
2021-06-21,106.77,124.62,106.48,124.43
2021-06-22,124.44,133.48,122.46,123.72
2021-06-23,123.71,124.71,116.58,118.16
2021-06-24,118.16,120.43,115.5,116.28
2021-06-25,116.52,119.02,115.68,118.58
2021-06-26,118.58,123.31,117.19,119.49
2021-06-27,119.49,119.83,114.94,117.59
2021-06-28,117.6,117.62,112.8,114.07
2021-06-29,114.06,114.94,109.38,109.67
2021-06-30,109.67,115.29,109.48,114.41
2021-07-01,111.65,115.18,111.65,113.77
2021-07-02,113.76,114.04,108.22,108.95
2021-07-03,108.95,108.96,106.3,107.32
2021-07-04,107.32,107.33,102.16,104.96
2021-07-05,104.96,106.67,101.34,102.79
2021-07-06,102.79,106.52,101.38,106.33
2021-07-07,106.33,106.57,103.68,105.5
2021-07-08,107.5,110.14,106.38,107.88
2021-07-09,107.88,110.01,102.63,103.92
2021-07-10,103.92,105.25,102.63,104.72
2021-07-11,104.73,105.51,101.81,103.6
2021-07-12,103.6,103.87,101.75,103.41
2021-07-13,103.42,106.23,101.29,105.3
2021-07-14,105.3,106.14,100.8,101.34
2021-07-15,101.34,102.33,100.4,101.7
2021-07-16,101.68,102.15,98.3,100.98
2021-07-17,100.97,102.42,99.54,100.89
2021-07-18,100.89,101.58,98.79,101.43
2021-07-19,101.43,107.35,100.05,106.48
2021-07-20,106.48,113.62,106.21,108.45
2021-07-21,108.44,109.89,107.17,108.34
2021-07-22,108.34,108.78,105.0,105.24
2021-07-23,105.24,105.38,99.12,101.97
2021-07-24,101.96,103.61,99.46,102.41
2021-07-25,102.41,105.11,96.48,103.05
2021-07-26,103.04,119.5,101.75,105.35
2021-07-27,105.35,108.38,100.98,108.34
2021-07-28,108.35,111.67,105.06,107.3
2021-07-29,107.3,107.33,105.51,106.81
2021-07-30,106.81,107.5,96.29,103.84
2021-07-31,103.84,105.46,98.15,102.22
2021-08-01,102.19,104.7,101.65,103.95
2021-08-02,103.95,105.18,101.35,102.98
2021-08-03,102.98,106.01,102.91,105.79
2021-08-04,105.8,110.07,105.5,109.75
2021-08-05,109.75,115.81,106.78,114.91
2021-08-06,114.91,149.19,105.77,111.07
2021-08-07,111.07,135.21,110.67,118.74
2021-08-08,118.74,120.1,112.52,115.71
2021-08-09,115.72,127.85,115.23,127.77
2021-08-10,127.77,127.79,120.86,121.58
2021-08-11,121.58,122.92,119.83,120.03
2021-08-12,120.02,120.41,113.59,115.36
2021-08-13,115.36,117.33,111.83,117.07
2021-08-14,117.07,117.63,112.05,112.41
2021-08-15,112.41,113.08,109.76,111.83
2021-08-16,111.83,114.32,111.57,111.98
2021-08-17,111.98,113.08,110.1,113.03
2021-08-18,113.03,114.8,111.12,112.93
2021-08-19,112.93,113.45,109.41,112.14
2021-08-20,112.14,112.48,108.48,110.2
2021-08-21,110.2,110.51,107.68,108.21
2021-08-22,108.21,109.38,102.71,107.13
2021-08-23,107.13,108.81,105.83,107.08
2021-08-24,107.08,108.7,104.33,106.13
2021-08-25,106.13,107.09,103.24,103.62
2021-08-26,103.62,104.19,101.43,102.92
2021-08-27,102.92,103.24,98.7,102.06
2021-08-28,102.06,102.12,97.31,98.27
2021-08-29,98.27,99.69,96.9,99.54
2021-08-30,99.54,103.82,97.86,103.79
2021-08-31,103.79,106.42,102.22,104.64
2021-09-01,104.64,113.64,104.36,113.63
2021-09-02,113.63,114.89,110.69,110.75
2021-09-03,110.74,110.85,105.81,106.48
2021-09-04,106.48,108.55,105.2,107.6
2021-09-05,107.6,110.08,106.78,109.21
2021-09-06,109.21,109.59,106.27,107.56
2021-09-07,107.56,113.93,105.19,110.41
2021-09-08,110.4,111.53,106.3,107.7
2021-09-09,107.7,108.09,105.13,106.28
2021-09-10,106.29,106.36,103.24,104.56
2021-09-11,104.56,105.84,102.66,105.08
2021-09-12,105.08,106.42,102.57,106.1
2021-09-13,106.1,107.82,104.4,106.25
2021-09-14,106.25,106.85,104.75,106.64
2021-09-15,106.64,106.71,103.34,103.59
2021-09-16,103.59,104.5,97.77,98.61
2021-09-17,98.61,99.59,96.14,98.52
2021-09-18,98.52,98.6,96.83,97.54
2021-09-19,97.54,98.12,95.16,96.98
2021-09-20,96.98,108.37,96.51,104.64
2021-09-21,103.69,111.66,103.61,111.21
2021-09-22,111.21,111.63,99.93,100.77
2021-09-23,100.77,101.08,97.19,97.82
2021-09-24,97.82,104.29,94.37,101.81
2021-09-25,101.81,102.2,99.03,100.44
2021-09-26,100.44,102.91,97.57,100.62
2021-09-27,100.62,104.75,98.44,104.71
2021-09-28,104.7,110.0,104.09,109.77
2021-09-29,109.77,110.39,103.65,104.62
2021-09-30,104.62,105.28,102.12,103.19
2021-10-01,103.19,103.88,93.71,96.12
2021-10-02,96.11,96.47,92.93,94.17
2021-10-03,94.17,97.13,93.97,96.24
2021-10-04,96.24,100.49,94.55,99.76
2021-10-05,99.76,103.32,97.96,100.91
2021-10-06,100.91,105.03,98.96,101.65
2021-10-07,101.65,105.14,99.41,101.57
2021-10-08,101.57,102.83,98.7,99.01
2021-10-09,99.02,101.56,96.66,97.63
2021-10-10,97.63,104.62,96.31,98.5
2021-10-11,98.5,102.6,97.0,98.99
2021-10-12,98.99,106.17,97.4,101.29
2021-10-13,101.29,105.6,98.05,101.07
2021-10-14,101.07,103.02,97.41,102.76
2021-10-15,102.76,114.71,100.29,100.71
2021-10-16,100.71,109.55,88.92,92.25
2021-10-17,92.25,113.15,91.89,97.8
2021-10-18,97.8,112.64,97.28,103.18
2021-10-19,103.18,119.96,100.54,103.74
2021-10-20,103.74,121.13,103.35,113.61
2021-10-21,113.6,137.07,109.12,110.13
2021-10-22,106.08,106.32,102.66,103.5
2021-10-23,103.5,104.1,100.6,103.74
2021-10-24,103.74,105.72,101.75,105.65
2021-10-25,105.65,105.84,101.69,103.1
2021-10-26,103.1,103.27,97.65,103.18
2021-10-27,103.18,109.02,102.66,109.02
2021-10-28,109.03,110.48,106.29,110.39
2021-10-29,110.39,111.17,102.53,107.13
2021-10-30,107.14,107.71,104.71,107.37
2021-10-31,107.37,109.2,107.23,108.41
2021-11-01,108.41,108.91,106.31,107.67
2021-11-02,107.67,112.04,107.07,111.84
2021-11-03,111.84,112.08,108.33,109.19
2021-11-04,109.19,109.79,106.83,107.17
2021-11-05,107.17,107.19,103.58,103.82
2021-11-06,103.82,106.66,102.0,106.48
2021-11-07,106.48,106.55,103.69,104.02
2021-11-08,104.02,106.44,103.27,105.13
2021-11-09,105.13,105.19,101.41,104.51
2021-11-10,104.51,105.83,102.68,105.05
2021-11-11,105.05,105.67,102.74,103.92
2021-11-12,103.92,108.08,102.34,107.06
2021-11-13,107.06,107.39,104.14,105.93
2021-11-14,105.93,106.4,101.11,103.24
2021-11-15,103.24,105.21,100.71,102.78
2021-11-16,102.78,110.7,102.02,110.64
2021-11-17,110.64,111.18,106.74,109.74
2021-11-18,109.74,114.52,107.9,112.49
2021-11-19,112.5,115.76,106.45,106.59
2021-11-20,106.59,107.16,104.66,106.77
2021-11-21,106.77,106.92,103.8,106.26
2021-11-22,106.26,113.21,104.76,112.04
2021-11-23,112.04,112.23,107.93,110.9
2021-11-24,110.9,111.47,107.66,109.53
2021-11-25,109.53,110.2,104.8,106.62
2021-11-26,106.62,113.53,105.28,107.26
2021-11-27,107.25,107.25,102.87,103.51
2021-11-28,103.51,106.47,102.91,105.58
2021-11-29,105.58,107.39,102.9,104.75
2021-11-30,104.75,109.82,104.32,105.95
2021-12-01,105.95,107.14,104.29,106.36
2021-12-02,106.36,108.69,106.23,106.91
2021-12-03,106.91,108.08,100.53,106.88
2021-12-04,106.87,118.13,105.37,106.71
2021-12-05,106.71,110.65,105.1,109.05
2021-12-06,109.05,112.52,106.52,107.38
2021-12-07,107.38,107.78,105.97,106.56
2021-12-08,106.55,109.03,104.93,107.08
2021-12-09,108.68,111.37,108.65,109.56
2021-12-10,109.56,112.23,108.11,112.23
2021-12-11,112.23,114.0,108.42,108.69
2021-12-12,108.7,112.58,107.51,112.55
2021-12-13,112.55,114.58,112.0,112.45
2021-12-14,112.44,113.16,109.29,110.34
2021-12-15,110.34,112.27,108.96,109.05
2021-12-16,109.05,109.22,101.49,103.39
2021-12-17,103.38,104.4,100.09,100.11
2021-12-18,100.11,101.8,99.4,100.48
2021-12-19,100.48,102.54,99.07,102.47
2021-12-20,102.47,106.4,101.52,102.37
2021-12-21,102.38,102.63,100.19,102.21
2021-12-22,102.21,103.69,99.68,99.7
2021-12-23,99.7,100.96,93.75,93.93
2021-12-24,93.93,94.52,88.18,94.03
2021-12-25,94.03,94.55,85.66,91.73
2021-12-26,91.73,92.31,81.57,88.58
2021-12-27,88.58,92.26,82.37,92.17
2021-12-28,92.17,92.46,88.0,88.8
2021-12-29,88.8,93.37,85.19,93.37
2021-12-30,93.37,93.85,87.71,92.62
2021-12-31,92.62,92.63,80.4,83.1
2022-01-01,83.1,83.48,78.75,79.38
2022-01-02,79.38,81.01,78.07,80.9
2022-01-03,80.9,80.98,78.65,80.04
2022-01-04,80.04,80.07,76.56,79.12
2022-01-05,79.67,89.56,79.29,85.44
2022-01-06,85.44,86.54,80.64,80.89
2022-01-07,80.89,87.09,80.82,84.85
2022-01-08,84.85,85.87,79.37,83.21
2022-01-09,83.21,84.54,82.43,84.36
2022-01-10,84.36,88.84,83.24,85.77
2022-01-11,85.77,87.54,82.08,82.17
2022-01-12,82.17,84.97,79.39,79.85
2022-01-13,79.85,79.91,75.04,75.5
2022-01-14,75.5,76.71,71.33,72.08
2022-01-15,69.53,71.35,69.28,70.72
2022-01-16,70.72,72.72,68.45,71.8
2022-01-17,71.8,73.62,71.39,72.74
2022-01-18,72.74,74.85,71.93,73.93
2022-01-19,73.93,75.56,72.37,73.75
2022-01-20,73.75,74.66,68.36,74.66
2022-01-21,74.66,95.6,72.35,92.74
2022-01-22,92.74,103.14,89.66,95.29
2022-01-23,95.29,95.29,89.44,91.8
2022-01-24,91.8,109.67,89.35,94.78
2022-01-25,94.78,96.85,89.08,91.84
2022-01-26,91.84,97.52,87.59,95.83
2022-01-27,95.83,99.81,93.36,97.76
2022-01-28,97.76,97.76,84.33,84.96
2022-01-29,84.96,85.38,83.19,83.81
2022-01-30,83.8,84.76,81.18,83.79
2022-01-31,83.79,84.94,81.92,82.83
2022-02-01,82.83,84.55,81.58,84.44
2022-02-02,84.44,87.46,82.64,87.39
2022-02-03,87.39,88.16,84.69,88.01
2022-02-04,88.01,88.01,78.97,82.3
2022-02-05,82.3,82.56,77.06,80.06
2022-02-06,80.06,81.66,78.94,81.46
2022-02-07,81.46,82.91,80.14,80.86
2022-02-08,80.86,82.23,79.45,81.16
2022-02-09,81.16,81.95,79.81,81.95
2022-02-10,81.95,82.44,78.42,82.44
2022-02-11,82.44,86.68,77.04,85.14
2022-02-12,85.14,86.8,82.34,82.55
2022-02-13,82.55,86.11,80.33,85.9
2022-02-14,85.9,86.73,80.6,82.13
2022-02-15,82.13,82.2,77.56,78.42
2022-02-16,78.42,79.34,75.26,75.26
2022-02-17,75.26,84.61,74.49,82.73
2022-02-18,82.73,83.28,76.13,78.27
2022-02-19,78.27,78.63,75.38,76.89
2022-02-20,76.88,95.06,76.72,92.7
2022-02-21,92.7,95.84,84.63,95.26
2022-02-22,95.26,99.03,89.7,89.93
2022-02-23,86.55,90.32,85.41,90.24
2022-02-24,90.24,105.09,90.24,93.77
2022-02-25,93.77,93.81,82.71,83.64
2022-02-26,83.65,84.85,80.73,82.21
2022-02-27,82.21,94.33,80.77,92.48
2022-02-28,92.48,93.23,85.67,85.85
2022-03-01,85.85,86.25,83.27,86.01
2022-03-02,86.01,86.54,81.32,81.6
2022-03-03,81.6,85.67,80.07,84.11
2022-03-04,84.11,89.54,81.7,88.4
2022-03-05,88.4,88.4,84.49,85.13
2022-03-06,85.13,87.73,83.76,87.73
2022-03-07,87.73,92.6,85.13,92.58
2022-03-08,92.58,92.58,89.6,90.62
2022-03-09,90.62,90.62,86.35,89.59
2022-03-10,89.59,91.78,88.71,88.79
2022-03-11,88.79,91.38,85.05,91.27
2022-03-12,91.27,92.46,89.62,90.33
2022-03-13,90.33,92.6,88.81,92.24
2022-03-14,92.24,92.81,88.23,91.01
2022-03-15,91.01,96.6,90.08,91.59
2022-03-16,91.59,93.66,87.12,87.32
2022-03-17,87.32,87.57,82.72,83.11
2022-03-18,83.11,83.46,77.27,78.88
2022-03-19,78.88,80.19,75.39,80.18
2022-03-20,80.18,82.35,79.3,81.87
2022-03-21,81.87,82.87,80.61,82.66
2022-03-22,82.66,85.13,80.43,80.85
2022-03-23,80.85,81.15,77.5,77.7
2022-03-24,77.7,77.93,75.42,76.06
2022-03-25,76.06,76.27,70.71,70.71
2022-03-26,70.71,71.36,68.54,71.33
2022-03-27,71.33,72.32,70.05,71.65
2022-03-28,71.65,72.67,68.99,72.6
2022-03-29,72.6,72.65,70.91,71.14
2022-03-30,71.14,71.36,69.7,70.8
2022-03-31,72.17,75.15,71.8,75.03
2022-04-01,75.03,75.47,69.61,70.62
2022-04-02,70.61,70.7,68.32,68.77
2022-04-03,68.76,69.39,68.07,69.33
2022-04-04,69.33,70.15,68.5,68.69
2022-04-05,68.69,70.96,67.94,70.89
2022-04-06,70.89,77.19,70.86,77.04
2022-04-07,77.04,78.58,72.45,72.68
2022-04-08,72.68,72.78,68.93,70.66
2022-04-09,70.66,70.66,66.71,66.75
2022-04-10,66.75,70.45,64.05,70.45
2022-04-11,70.45,74.35,69.73,73.72
2022-04-12,73.72,73.95,68.51,69.88
2022-04-13,69.88,70.76,67.81,69.25
2022-04-14,69.25,69.27,66.08,66.83
2022-04-15,66.83,67.04,65.34,65.38
2022-04-16,65.38,65.91,64.74,65.07
2022-04-17,65.07,67.09,63.9,66.91
2022-04-18,66.91,68.51,66.09,68.49
2022-04-19,68.49,68.57,65.72,66.78
2022-04-20,66.78,68.19,66.05,67.34
2022-04-21,67.34,68.63,65.29,68.08
2022-04-22,68.08,68.16,64.45,65.25
2022-04-23,65.25,65.75,64.32,65.59
2022-04-24,65.59,66.56,64.2,66.51
2022-04-25,66.51,73.46,66.42,72.83
2022-04-26,72.83,73.34,69.27,72.36
2022-04-27,71.6,72.62,70.93,71.66
2022-04-28,70.48,71.74,69.55,71.27
2022-04-29,71.27,71.31,66.51,66.73
2022-04-30,66.73,69.72,64.17,69.72
2022-05-01,69.72,70.85,67.24,68.08
2022-05-02,68.08,70.23,66.92,69.68
2022-05-03,69.68,72.71,69.28,72.62
2022-05-04,72.62,72.71,68.3,68.55
2022-05-05,68.55,73.72,67.53,70.94
2022-05-06,70.95,71.41,67.8,68.53
2022-05-07,68.53,73.45,67.42,70.54
2022-05-08,70.54,73.51,69.38,72.52
2022-05-09,72.52,92.38,71.84,89.08
2022-05-10,89.08,93.11,81.04,87.71
2022-05-11,87.71,115.39,86.27,110.36
2022-05-12,110.36,151.98,108.97,132.18
2022-05-13,132.18,132.3,100.56,108.8
2022-05-14,108.8,111.46,103.55,103.6
2022-05-15,103.6,106.33,102.56,104.32
2022-05-16,104.32,108.96,104.32,105.33
2022-05-17,105.33,106.13,96.63,97.29
2022-05-18,99.1,107.95,98.61,107.9
2022-05-19,107.9,108.3,98.73,99.01
2022-05-20,99.01,101.55,92.83,98.59
2022-05-21,98.59,98.71,90.65,91.4
2022-05-22,91.4,94.16,90.98,92.22
2022-05-23,92.22,93.42,89.4,92.17
2022-05-24,92.17,94.69,90.54,91.61
2022-05-25,91.61,93.58,89.77,93.34
2022-05-26,93.34,105.79,92.5,95.91
2022-05-27,95.91,98.86,92.78,98.7
2022-05-28,98.7,98.7,94.06,94.45
2022-05-29,94.45,96.01,93.52,95.32
2022-05-30,95.32,95.37,87.9,90.14
2022-05-31,90.14,90.16,87.29,88.86
2022-06-01,88.86,92.73,86.48,90.86
2022-06-02,87.79,90.0,87.66,87.9
2022-06-03,87.9,89.17,85.53,86.7
2022-06-04,86.7,87.32,85.8,85.97
2022-06-05,85.97,87.08,84.0,86.21
2022-06-06,86.21,86.26,81.47,81.82
2022-06-07,81.82,87.9,81.82,87.34
2022-06-08,87.34,88.84,86.11,88.27
2022-06-09,88.27,88.97,87.05,87.33
2022-06-10,87.33,93.53,86.62,92.46
2022-06-11,92.46,100.0,91.37,97.85
2022-06-12,97.85,105.81,95.58,105.81
2022-06-13,105.82,138.69,105.82,134.62
2022-06-14,134.62,150.52,125.22,130.25
2022-06-15,130.25,168.27,118.75,118.75
2022-06-16,118.75,138.05,116.59,135.82
2022-06-17,135.82,137.94,119.61,123.1
2022-06-18,123.1,149.82,122.04,137.59
2022-06-19,137.59,143.83,125.7,130.05
2022-06-20,130.05,133.67,119.04,119.12
2022-06-21,119.12,120.21,113.58,118.37
2022-06-22,118.37,120.5,116.07,118.59
2022-06-23,118.59,118.63,111.35,111.57
2022-06-24,111.57,114.98,106.72,114.98
2022-06-25,114.98,115.9,110.67,111.21
2022-06-26,111.21,111.72,108.3,111.25
2022-06-27,111.25,112.11,107.61,111.69
2022-06-28,111.69,112.68,108.68,111.42
2022-06-29,111.42,117.95,110.32,116.29
2022-06-30,116.29,122.41,115.59,120.04
2022-07-01,120.04,123.38,117.06,119.0
2022-07-02,119.0,120.19,114.43,114.59
2022-07-03,114.6,116.51,112.6,114.47
2022-07-04,114.47,115.12,107.21,107.35
2022-07-05,107.36,111.37,104.14,108.79
2022-07-06,107.56,108.01,104.97,105.27
2022-07-07,105.27,105.49,102.79,104.64
2022-07-08,104.64,106.0,99.29,100.02
2022-07-09,100.02,100.11,95.61,96.75
2022-07-10,96.75,101.13,96.57,100.04
2022-07-11,100.04,107.39,99.57,106.86
2022-07-12,106.86,111.24,106.86,110.72
2022-07-13,110.72,112.09,102.62,103.41
2022-07-14,103.41,104.2,99.91,100.56
2022-07-15,100.56,101.46,97.4,101.13
2022-07-16,101.13,111.34,98.19,108.0
2022-07-17,107.99,110.33,105.2,105.94
2022-07-18,105.94,116.1,104.51,116.1
2022-07-19,116.11,116.78,109.78,112.62
2022-07-20,112.62,114.0,107.14,112.91
2022-07-21,112.91,113.21,108.87,109.23
2022-07-22,109.23,115.77,107.47,113.38
2022-07-23,113.38,113.74,110.57,113.35
2022-07-24,113.35,116.98,109.21,115.24
2022-07-25,115.24,117.5,110.94,114.06
2022-07-26,114.06,115.55,112.1,112.5
2022-07-27,112.5,113.28,103.78,105.71
2022-07-28,105.71,114.62,104.47,110.59
2022-07-29,110.59,111.06,107.74,109.44
2022-07-30,109.44,113.28,107.61,109.12
2022-07-31,109.12,113.78,109.04,113.75
2022-08-01,113.75,113.94,111.32,112.97
2022-08-02,112.97,113.43,108.74,108.9
2022-08-03,108.9,110.05,107.76,109.22
2022-08-04,109.22,109.43,106.95,108.52
2022-08-05,108.52,109.92,106.5,107.58
2022-08-06,107.58,109.12,106.52,108.46
2022-08-07,108.46,109.21,106.93,108.62
2022-08-08,108.62,109.91,106.28,109.54
2022-08-09,109.54,110.75,108.42,110.3
2022-08-10,110.3,111.62,104.87,105.68
2022-08-11,105.68,107.94,101.28,102.66
2022-08-12,102.66,103.3,99.4,100.96
2022-08-13,100.96,104.55,100.31,104.33
2022-08-14,104.33,106.84,103.67,105.65
2022-08-15,105.65,105.8,100.45,104.62
2022-08-16,104.62,104.89,102.8,103.83
2022-08-17,103.83,109.55,103.05,108.97
2022-08-18,106.9,108.03,105.2,106.75
2022-08-19,106.75,117.34,106.74,117.32
2022-08-20,117.32,117.52,111.23,111.74
2022-08-21,111.74,114.19,111.58,114.19
2022-08-22,114.19,117.65,113.4,114.19
2022-08-23,114.19,114.26,109.33,111.38
2022-08-24,111.38,111.74,108.26,110.74
2022-08-25,110.74,112.46,109.18,111.8
2022-08-26,111.8,112.5,106.91,112.06
2022-08-27,112.06,116.0,107.48,111.92
2022-08-28,111.92,117.48,111.25,117.48
2022-08-29,117.48,117.48,112.78,112.91
2022-08-30,112.91,115.77,109.68,114.33
2022-08-31,114.33,116.79,111.73,115.45
2022-09-01,115.45,116.37,114.04,114.94
2022-09-02,114.94,114.94,110.9,111.4
2022-09-03,111.4,113.38,109.92,113.28
2022-09-04,113.28,113.28,108.68,111.56
2022-09-05,111.56,111.76,109.47,109.75
2022-09-06,109.75,113.25,107.46,112.06
2022-09-07,112.06,115.98,109.77,112.16
2022-09-08,112.15,115.1,111.91,114.9
2022-09-09,114.9,115.53,111.39,113.11
2022-09-10,113.11,115.77,110.84,113.35
2022-09-11,113.35,115.57,110.52,115.45
2022-09-12,115.45,116.35,113.2,115.1
2022-09-13,115.1,119.28,113.93,115.61
2022-09-14,115.61,116.46,109.93,116.01
2022-09-15,116.01,117.32,97.99,103.25
2022-09-16,103.25,103.94,95.94,100.95
2022-09-17,100.95,101.17,95.52,95.52
2022-09-18,95.51,103.75,92.37,103.33
2022-09-19,103.33,103.33,94.64,94.69
2022-09-20,94.69,99.97,94.65,99.96
2022-09-21,99.96,106.67,94.01,103.3
2022-09-22,103.3,107.26,98.98,100.03
2022-09-23,100.03,102.3,98.82,100.74
2022-09-24,100.74,100.74,95.49,96.26
2022-09-25,96.26,99.63,94.59,98.6
2022-09-26,98.6,100.04,95.29,98.97
2022-09-27,98.97,100.85,94.29,98.65
2022-09-28,98.65,104.68,98.15,100.48
2022-09-29,100.48,102.56,99.47,99.87
2022-09-30,99.87,100.15,92.27,93.41
2022-10-01,93.41,95.09,87.99,95.09
2022-10-02,95.09,97.32,94.57,96.97
2022-10-03,96.97,97.22,88.82,88.82
2022-10-04,88.82,90.45,88.72,89.29
2022-10-05,89.29,89.96,88.53,89.08
2022-10-06,87.45,87.57,84.71,84.73
2022-10-07,84.73,84.74,80.89,82.02
2022-10-08,82.02,82.3,79.74,80.4
2022-10-09,78.69,82.88,78.15,82.41
2022-10-10,82.41,84.86,81.3,82.87
2022-10-11,82.87,85.15,81.23,85.07
2022-10-12,85.07,85.95,84.13,85.06
2022-10-13,85.06,92.35,83.19,83.6
2022-10-14,83.6,83.6,76.34,79.74
2022-10-15,80.2,80.99,78.75,79.64
2022-10-16,79.64,80.01,78.08,79.8
2022-10-17,79.8,79.8,73.29,74.0
2022-10-18,74.0,77.4,73.88,76.82
2022-10-19,76.82,77.01,74.12,75.98
2022-10-20,75.98,78.14,74.74,76.62
2022-10-21,76.62,76.75,74.24,75.03
2022-10-22,75.03,75.25,72.03,73.1
2022-10-23,73.1,75.44,71.6,72.94
2022-10-24,72.93,76.53,72.03,76.2
2022-10-25,76.2,85.39,75.34,79.52
2022-10-26,79.52,90.84,78.79,88.34
2022-10-27,88.34,88.41,81.77,82.09
2022-10-28,82.09,82.4,76.9,78.57
2022-10-29,78.57,88.87,78.04,83.62
2022-10-30,83.62,87.4,83.03,86.07
2022-10-31,86.07,90.72,85.72,87.38
2022-11-01,87.38,87.83,85.55,86.24
2022-11-02,86.24,86.72,79.84,79.84
2022-11-03,79.84,79.84,71.91,74.01
2022-11-04,74.01,82.38,73.01,78.21
2022-11-05,78.21,78.32,75.67,77.92
2022-11-06,77.92,81.2,76.83,80.67
2022-11-07,80.67,89.39,80.15,89.29
2022-11-08,89.3,134.48,88.62,104.85
2022-11-09,104.85,157.37,104.14,153.93
2022-11-10,153.93,154.45,122.42,124.99
2022-11-11,124.99,136.37,118.73,124.63
2022-11-12,124.63,127.45,122.68,125.5
2022-11-13,125.5,140.77,123.85,136.34
2022-11-14,136.34,142.06,115.47,125.94
2022-11-15,125.94,125.99,109.43,110.49
2022-11-16,110.49,127.6,107.77,122.98
2022-11-17,122.98,124.11,102.68,102.94
2022-11-18,102.94,102.94,93.74,99.21
2022-11-19,99.21,99.49,92.51,93.18
2022-11-20,93.18,111.32,93.06,108.84
2022-11-21,108.84,112.04,105.62,105.62
2022-11-22,105.62,107.23,100.53,102.72
2022-11-23,102.72,102.72,92.91,93.64
2022-11-24,93.64,93.79,89.7,91.16
2022-11-25,91.16,91.79,85.25,85.58
2022-11-26,85.58,85.85,80.53,84.81
2022-11-27,84.81,86.38,81.05,86.26
2022-11-28,86.26,90.93,86.2,89.97
2022-11-29,89.97,90.27,84.58,85.38
2022-11-30,85.38,85.41,80.59,82.59
2022-12-01,82.59,84.22,82.31,82.83
2022-12-02,82.83,83.16,76.18,76.34
2022-12-03,76.34,81.84,76.2,81.37
2022-12-04,81.37,83.15,80.26,80.38
2022-12-05,80.38,83.95,79.02,80.84
2022-12-06,80.84,80.86,78.39,78.69
2022-12-07,78.69,82.14,78.53,81.97
2022-12-08,77.04,77.25,72.74,72.86
2022-12-09,72.86,78.82,72.61,78.64
2022-12-10,78.63,79.75,77.15,79.71
2022-12-11,79.71,82.82,79.55,82.37
2022-12-12,82.37,83.1,79.62,79.7
2022-12-13,79.22,79.22,78.85,79.2
2022-12-14,79.2,79.22,73.19,73.19
2022-12-15,73.19,73.37,69.86,71.98
2022-12-16,71.98,79.16,69.44,78.05
2022-12-17,78.05,80.71,75.9,76.63
2022-12-18,76.63,76.7,73.19,76.37
2022-12-19,76.37,78.68,75.49,77.39
2022-12-20,77.39,77.57,71.98,72.45
2022-12-21,72.45,74.76,71.69,72.11
2022-12-22,72.11,72.19,68.5,69.92
2022-12-23,69.92,70.04,66.9,67.0
2022-12-24,67.0,68.67,66.33,68.3
2022-12-25,68.3,72.27,67.79,71.38
2022-12-26,71.38,71.81,68.32,68.81
2022-12-27,68.81,70.86,68.69,69.16
2022-12-28,69.17,70.37,68.09,70.07
2022-12-29,70.07,70.09,68.57,68.58
2022-12-30,68.58,68.73,63.14,63.92
2022-12-31,63.92,64.46,63.62,63.9
2023-01-01,63.9,64.76,60.55,61.64
2023-01-02,61.64,62.74,59.89,62.4
2023-01-03,62.4,62.7,61.76,62.24
2023-01-04,62.24,62.26,59.56,60.53
2023-01-05,60.53,61.05,58.84,58.85
2023-01-06,58.85,60.35,57.67,59.76
2023-01-07,59.76,59.81,58.7,58.76
2023-01-08,58.76,59.77,58.15,58.15
2023-01-09,58.15,62.49,57.21,61.97
2023-01-10,61.97,62.49,59.81,62.11
2023-01-11,62.11,64.23,62.01,63.37
2023-01-12,63.37,67.37,61.13,66.43
2023-01-13,66.43,70.41,64.89,70.29
2023-01-14,70.29,82.06,69.84,81.69
2023-01-15,81.69,81.69,75.97,78.81
2023-01-16,78.81,81.22,74.71,76.93
2023-01-17,76.93,78.29,75.6,75.66
2023-01-18,75.66,79.84,74.02,75.35
2023-01-19,75.35,75.36,68.92,68.99
2023-01-20,68.99,69.0,65.37,67.58
2023-01-21,67.58,72.74,65.58,71.16
2023-01-22,71.16,72.03,68.84,70.66
2023-01-23,70.66,72.02,69.45,71.13
2023-01-24,71.13,72.0,68.38,69.54
2023-01-25,69.46,69.46,65.97,66.84
2023-01-26,66.84,67.11,64.93,65.15
2023-01-27,65.15,65.87,62.81,62.91
2023-01-28,62.9,63.06,61.82,62.31
2023-01-29,62.31,70.55,60.96,67.7
2023-01-30,67.7,67.91,64.43,67.17
2023-01-31,67.17,67.2,64.79,65.95
2023-02-01,65.95,70.45,65.95,68.38
2023-02-02,68.38,69.92,65.64,69.88
2023-02-03,69.88,69.89,66.57,68.01
2023-02-04,68.01,68.65,67.51,68.55
2023-02-05,68.55,70.44,67.5,70.16
2023-02-06,70.16,70.36,67.47,68.85
2023-02-07,68.85,68.85,67.07,67.34
2023-02-08,67.34,68.51,66.06,66.06
2023-02-09,66.06,66.86,63.07,65.26
2023-02-10,65.26,66.1,62.69,65.04
2023-02-11,65.04,65.29,63.3,63.57
2023-02-12,63.57,64.19,62.39,63.66
2023-02-13,63.66,67.63,62.55,66.56
2023-02-14,66.56,66.97,61.24,62.52
2023-02-15,62.52,64.32,60.83,64.07
2023-02-16,64.08,69.1,61.54,68.54
2023-02-17,68.54,70.93,63.28,69.26
2023-02-18,69.26,69.26,66.51,66.51
2023-02-19,66.51,69.15,66.51,68.43
2023-02-20,68.43,69.03,67.09,67.39
2023-02-21,67.39,68.52,66.29,67.87
2023-02-22,66.24,68.97,62.84,62.97
2023-02-23,62.97,63.82,61.11,61.35
2023-02-24,61.35,61.35,55.01,55.4
2023-02-25,55.4,59.33,53.58,57.26
2023-02-26,57.26,58.66,56.89,57.68
2023-02-27,57.68,58.1,56.9,57.4
2023-02-28,57.4,57.42,55.89,56.25
2023-03-01,56.25,63.13,55.97,60.16
2023-03-02,60.16,61.34,59.83,60.01
2023-03-03,60.01,61.01,57.27,57.76
2023-03-04,57.76,57.78,55.72,56.88
2023-03-05,56.88,57.72,56.66,57.04
2023-03-06,57.04,58.15,56.43,57.61
2023-03-07,57.61,59.0,56.96,57.07
2023-03-08,57.07,58.16,56.36,57.31
2023-03-09,57.31,62.48,55.07,60.78
2023-03-10,60.78,68.87,60.73,63.61
2023-03-11,63.61,72.83,60.58,68.47
2023-03-12,68.47,69.52,63.65,65.83
2023-03-13,65.83,72.56,62.07,68.8
2023-03-14,68.8,70.04,63.66,66.9
2023-03-15,66.9,69.79,64.67,65.06
2023-03-16,65.06,65.07,59.82,62.78
2023-03-17,62.78,67.44,60.76,66.56
2023-03-18,66.56,71.6,63.85,69.53
2023-03-19,69.53,76.7,69.28,75.18
2023-03-20,75.18,75.18,67.65,67.72
2023-03-21,67.72,74.9,67.55,70.31
2023-03-22,72.07,72.82,64.83,65.54
2023-03-23,65.54,70.04,63.79,69.75
2023-03-24,69.75,70.98,66.38,66.91
2023-03-25,66.91,66.94,64.07,64.24
2023-03-26,64.24,65.31,62.94,64.97
2023-03-27,64.97,67.26,64.08,65.05
2023-03-28,65.05,65.54,62.5,65.26
2023-03-29,65.26,67.74,65.26,66.75
2023-03-30,66.75,67.84,65.09,65.54
2023-03-31,65.54,65.71,60.54,62.74
2023-04-01,62.74,62.74,61.06,62.33
2023-04-02,62.33,64.78,61.96,63.1
2023-04-03,63.1,64.74,61.77,63.73
2023-04-04,63.73,66.17,62.28,65.42
2023-04-05,65.42,65.94,63.89,64.24
2023-04-06,64.24,65.31,62.66,62.66
2023-04-07,62.65,62.65,59.35,59.6
2023-04-08,59.6,59.6,57.29,57.46
2023-04-09,57.46,60.76,56.77,60.36
2023-04-10,60.36,64.32,60.09,64.04
2023-04-11,64.04,65.05,62.52,62.61
2023-04-12,62.61,62.68,58.96,61.48
2023-04-13,61.48,63.62,59.67,62.18
2023-04-14,62.18,65.41,58.99,59.52
2023-04-15,59.52,62.01,58.97,61.56
2023-04-16,61.56,65.26,61.27,64.34
2023-04-17,64.34,64.38,61.47,61.52
2023-04-18,61.52,62.58,61.22,61.22
2023-04-19,61.21,62.22,59.82,60.02
2023-04-20,57.37,59.36,57.06,58.99
2023-04-21,58.99,61.35,57.87,60.49
2023-04-22,60.49,60.49,57.66,59.33
2023-04-23,59.33,59.98,56.94,57.22
2023-04-24,57.22,60.46,56.15,59.81
2023-04-25,59.81,59.83,56.54,56.54
2023-04-26,56.54,59.59,54.69,57.56
2023-04-27,57.56,59.32,55.56,55.74
2023-04-28,55.74,55.79,52.02,53.08
2023-04-29,53.08,53.84,52.61,53.4
2023-04-30,53.4,54.1,52.18,53.56
2023-05-01,53.56,55.94,53.22,53.8
2023-05-02,53.8,54.78,51.85,54.25
2023-05-03,54.25,55.67,53.53,54.36
2023-05-04,54.36,54.66,52.5,52.57
2023-05-05,52.57,53.65,50.95,53.54
2023-05-06,53.54,54.31,51.49,51.74
2023-05-07,51.74,54.47,50.91,54.4
2023-05-08,54.4,54.49,52.6,53.22
2023-05-09,53.22,55.24,52.31,54.53
2023-05-10,54.53,55.02,51.55,51.55
2023-05-11,51.55,54.14,50.36,52.98
2023-05-12,52.98,55.11,51.95,51.97
2023-05-13,51.97,51.97,50.41,51.32
2023-05-14,51.32,51.62,49.65,51.01
2023-05-15,51.01,52.87,50.25,52.64
2023-05-16,52.64,52.75,51.15,51.18
2023-05-17,51.18,51.78,49.33,49.47
2023-05-18,49.47,49.66,46.84,47.15
2023-05-19,47.15,47.61,45.61,46.49
2023-05-20,46.49,47.66,46.44,47.17
2023-05-21,47.17,47.93,46.06,46.13
2023-05-22,46.13,48.47,45.43,48.08
2023-05-23,48.08,51.13,47.6,50.59
2023-05-24,50.59,51.7,49.36,50.45
2023-05-25,50.45,51.15,46.65,46.77
2023-05-26,46.77,47.29,44.28,46.24
2023-05-27,46.24,46.61,44.37,44.37
2023-05-28,44.37,48.26,43.52,48.02
2023-05-29,48.02,49.47,45.38,45.71
2023-05-30,45.71,46.88,43.51,43.57
2023-05-31,43.57,46.08,42.24,42.28
2023-06-01,44.94,45.01,42.3,42.3
2023-06-02,42.3,43.58,40.5,42.77
2023-06-03,42.77,42.89,41.55,42.02
2023-06-04,42.02,42.14,40.91,41.59
2023-06-05,41.59,43.02,39.36,40.35
2023-06-06,40.35,42.68,39.6,42.53
2023-06-07,42.53,43.54,40.82,41.64
2023-06-08,41.64,42.11,40.58,40.94
2023-06-09,40.94,41.77,40.34,40.86
2023-06-10,40.86,46.72,40.69,45.56
2023-06-11,45.56,45.94,44.26,44.96
2023-06-12,44.96,48.48,44.79,48.38
2023-06-13,48.38,48.64,46.98,47.27
2023-06-14,47.27,49.63,43.83,47.95
2023-06-15,47.95,50.35,46.56,47.74
2023-06-16,47.74,48.27,45.75,46.88
2023-06-17,46.88,46.88,44.63,44.89
2023-06-18,44.88,46.24,44.59,45.94
2023-06-19,45.94,45.94,44.97,45.4
2023-06-20,45.4,49.34,45.39,47.99
2023-06-21,47.99,52.65,46.39,51.21
2023-06-22,51.21,52.36,47.46,48.06
2023-06-23,48.07,50.29,46.95,50.28
2023-06-24,50.28,50.35,47.37,49.14
2023-06-25,49.14,50.07,46.88,48.5
2023-06-26,48.5,48.5,46.42,46.87
2023-06-27,46.87,48.64,46.32,47.92
2023-06-28,47.92,48.01,45.88,46.75
2023-06-29,46.75,46.82,43.16,43.27
2023-06-30,43.27,47.11,42.62,45.49
2023-07-01,45.49,45.51,44.03,44.28
2023-07-02,44.28,46.79,43.61,46.67
2023-07-03,46.67,48.62,45.69,48.07
2023-07-04,47.85,47.92,46.92,46.92
2023-07-05,46.92,47.26,43.49,44.12
2023-07-06,44.12,47.35,43.72,46.1
2023-07-07,46.1,46.54,43.68,44.13
2023-07-08,44.13,44.76,41.54,41.54
2023-07-09,41.54,43.14,41.11,42.84
2023-07-10,42.84,43.94,41.99,42.36
2023-07-11,42.36,42.38,41.07,41.59
2023-07-12,41.59,43.11,40.27,40.45
2023-07-13,40.45,46.98,39.84,46.89
2023-07-14,46.89,48.36,45.13,45.4
2023-07-15,45.4,45.61,44.27,44.9
2023-07-16,44.9,44.9,42.45,43.2
2023-07-17,43.2,43.82,42.57,43.02
2023-07-18,43.02,43.44,42.35,42.38
2023-07-19,42.38,42.42,40.33,41.55
2023-07-20,41.55,42.53,39.99,40.38
2023-07-21,40.38,40.49,38.08,38.37
2023-07-22,38.37,38.84,36.91,38.44
2023-07-23,38.44,39.28,36.7,37.15
2023-07-24,37.15,38.85,36.83,37.01
2023-07-25,37.01,37.67,36.58,37.6
2023-07-26,37.6,38.14,35.54,36.16
2023-07-27,36.16,36.2,35.21,35.59
2023-07-28,35.59,35.92,33.92,34.27
2023-07-29,34.27,34.4,33.39,33.98
2023-07-30,33.98,35.41,33.96,35.21
2023-07-31,35.21,35.9,34.13,35.57
2023-08-01,37.77,38.14,36.03,37.06
2023-08-02,37.06,37.86,36.5,37.62
2023-08-03,37.62,37.91,35.86,36.5
2023-08-04,36.5,36.54,34.4,35.2
2023-08-05,35.2,35.46,34.84,35.44
2023-08-06,35.44,35.55,34.76,34.87
2023-08-07,34.87,35.52,33.79,34.53
2023-08-08,34.53,34.96,32.29,34.65
2023-08-09,34.65,35.58,33.55,34.51
2023-08-10,34.51,34.51,33.32,33.47
2023-08-11,33.47,33.5,30.69,30.69
2023-08-12,30.69,31.05,30.12,30.71
2023-08-13,30.71,33.48,30.51,33.43
2023-08-14,33.43,33.45,30.67,32.21
2023-08-15,32.21,32.38,31.45,31.45
2023-08-16,31.45,33.86,30.83,33.71
2023-08-17,33.71,50.65,31.03,45.77
2023-08-18,45.77,45.77,40.87,42.63
2023-08-19,42.63,44.31,39.94,41.71
2023-08-20,41.71,41.78,38.73,39.09
2023-08-21,39.09,41.19,38.49,40.31
2023-08-22,40.31,44.87,39.25,43.36
2023-08-23,43.35,43.36,37.58,40.12
2023-08-24,40.12,43.02,40.1,41.42
2023-08-25,41.42,41.59,37.78,38.17
2023-08-26,38.17,39.35,37.93,39.26
2023-08-27,39.26,40.07,38.68,39.19
2023-08-28,39.19,39.96,38.0,38.08
2023-08-29,38.08,42.26,37.37,38.11
2023-08-30,38.11,38.12,36.4,36.55
2023-08-31,36.55,38.56,35.1,36.93
2023-09-01,36.93,39.15,34.79,37.65
2023-09-02,37.65,37.73,35.65,36.07
2023-09-03,36.07,39.37,36.06,39.23
2023-09-04,39.23,39.59,37.08,38.77
2023-09-05,38.1,38.75,36.64,37.23
2023-09-06,37.23,40.24,35.37,39.5
2023-09-07,39.5,39.51,36.82,37.44
2023-09-08,37.44,39.21,36.75,36.94
2023-09-09,36.94,36.98,35.52,36.17
2023-09-10,36.17,39.56,35.93,38.76
2023-09-11,38.76,43.36,38.04,41.61
2023-09-12,41.61,41.97,37.53,39.57
2023-09-13,39.57,40.43,38.21,39.13
2023-09-14,39.13,40.25,37.77,37.97
2023-09-15,37.97,38.17,36.67,37.04
2023-09-16,37.04,37.07,35.98,36.54
2023-09-17,36.54,36.55,34.77,35.69
2023-09-18,35.69,38.99,35.43,37.4
2023-09-19,37.4,37.99,36.45,37.78
2023-09-20,37.78,38.3,35.13,35.84
2023-09-21,35.84,38.07,34.64,35.6
2023-09-22,35.6,35.93,32.44,33.32
2023-09-23,33.32,35.1,32.78,34.43
2023-09-24,34.43,36.4,34.18,35.34
2023-09-25,35.34,36.42,34.08,35.93
2023-09-26,35.93,36.38,34.81,34.81
2023-09-27,34.81,36.1,32.36,32.49
2023-09-28,32.49,38.57,32.39,38.57
2023-09-29,38.57,39.06,33.96,34.74
2023-09-30,34.74,35.75,33.92,35.16
2023-10-01,35.16,37.22,34.66,36.32
2023-10-02,36.32,39.75,36.03,36.43
2023-10-03,35.49,37.0,34.68,36.91
2023-10-04,36.91,37.33,34.75,34.81
2023-10-05,34.81,35.84,34.35,34.93
2023-10-06,34.93,35.7,33.19,34.34
2023-10-07,34.34,34.88,33.4,33.74
2023-10-08,33.74,35.96,32.99,35.75
2023-10-09,35.75,39.03,35.47,37.28
2023-10-10,37.28,37.67,35.63,36.55
2023-10-11,36.55,37.55,35.26,36.78
2023-10-12,36.78,40.44,35.93,36.51
2023-10-13,36.51,37.3,36.1,36.92
2023-10-14,36.92,37.39,35.19,36.76
2023-10-15,36.76,37.64,36.64,37.46
2023-10-16,37.46,39.31,35.53,36.91
2023-10-17,36.91,37.95,35.37,35.39
2023-10-18,35.39,35.86,34.26,34.75
2023-10-19,34.75,36.27,33.68,34.63
2023-10-20,34.63,41.29,33.8,38.43
2023-10-21,38.43,42.18,36.89,41.61
2023-10-22,41.61,46.9,40.24,45.52
2023-10-23,45.52,52.6,42.61,48.48
2023-10-24,48.48,55.0,47.46,50.66
2023-10-25,50.66,52.64,48.55,49.59
2023-10-26,49.59,58.86,49.49,50.89
2023-10-27,50.89,50.9,43.07,43.84
2023-10-28,43.84,46.09,43.84,46.05
2023-10-29,46.05,50.0,46.02,49.93
2023-10-30,49.93,52.93,48.53,50.31
2023-10-31,50.31,51.68,49.58,51.68
2023-11-01,51.68,56.5,51.56,55.87
2023-11-02,55.87,58.69,55.45,56.46
2023-11-03,56.46,56.49,52.45,55.39
2023-11-04,55.39,58.87,55.29,58.79
2023-11-05,58.79,61.6,56.88,61.06
2023-11-06,61.06,61.46,57.2,58.1
2023-11-07,56.4,56.7,52.77,55.69
2023-11-08,55.69,56.2,54.54,56.14
2023-11-09,56.14,66.07,55.82,64.58
2023-11-10,64.58,64.7,58.0,58.02
2023-11-11,58.02,61.99,57.22,58.99
2023-11-12,58.99,59.87,57.3,59.6
2023-11-13,59.61,63.2,59.54,62.47
2023-11-14,62.47,63.44,60.95,61.27
2023-11-15,61.27,63.72,57.5,63.54
2023-11-16,63.54,65.39,58.39,58.39
2023-11-17,58.39,58.44,54.88,57.22
2023-11-18,57.22,57.62,53.15,54.43
2023-11-19,54.43,57.22,53.65,57.2
2023-11-20,57.2,59.11,55.06,57.46
2023-11-21,57.46,57.58,54.84,55.37
2023-11-22,55.37,55.89,53.8,54.87
2023-11-23,54.87,55.85,53.92,54.03
2023-11-24,54.03,55.42,51.35,54.25
2023-11-25,54.25,54.83,50.69,54.35
2023-11-26,54.35,54.41,51.42,53.58
2023-11-27,53.58,53.58,49.61,50.25
2023-11-28,50.25,51.46,48.3,48.99
2023-11-29,48.99,51.41,47.9,50.17
2023-11-30,50.17,51.76,49.54,50.5
2023-12-01,50.5,52.47,49.73,51.46
2023-12-02,51.46,55.59,50.91,55.17
2023-12-03,55.17,56.83,54.77,55.64
2023-12-04,55.64,58.26,55.35,56.48
2023-12-05,56.48,57.47,54.18,57.47
2023-12-06,57.47,58.34,54.8,55.0
2023-12-07,55.0,57.25,53.93,56.75
2023-12-08,56.75,57.82,55.46,57.54
2023-12-09,57.54,58.21,56.13,56.51
2023-12-10,56.51,57.55,55.82,57.1
2023-12-11,57.1,61.85,56.82,60.64
2023-12-12,58.45,58.72,57.09,57.13
2023-12-13,57.13,58.2,56.07,57.48
2023-12-14,57.48,58.26,56.12,56.63
2023-12-15,56.63,57.34,55.04,55.29
2023-12-16,55.29,56.14,54.68,56.09
2023-12-17,56.09,57.69,55.55,57.2
2023-12-18,57.2,59.11,56.79,58.12
2023-12-19,58.12,59.2,57.34,59.13
2023-12-20,59.13,59.15,56.45,56.54
2023-12-21,56.5,58.68,56.42,58.46
2023-12-22,58.46,61.21,58.15,60.46
2023-12-23,60.46,62.06,59.1,62.06
2023-12-24,62.06,63.19,60.53,62.22
2023-12-25,62.22,62.36,58.73,59.62
2023-12-26,59.62,62.35,59.08,61.89
2023-12-27,61.89,67.09,60.98,66.96
2023-12-28,66.96,68.34,64.95,66.49
2023-12-29,66.49,67.82,64.83,66.24
2023-12-30,66.24,70.81,65.2,69.58
2023-12-31,69.58,72.91,67.96,70.15
2024-01-01,70.15,70.86,66.07,70.21
2024-01-02,70.21,71.09,68.5,68.55
2024-01-03,68.55,78.93,66.07,68.87
2024-01-04,68.87,70.1,66.94,69.48
2024-01-05,69.48,71.34,69.45,70.64
2024-01-06,70.64,74.1,70.15,73.05
2024-01-07,73.05,74.59,72.9,74.59
2024-01-08,74.59,74.65,69.62,69.84
2024-01-09,69.84,70.76,66.14,69.32
2024-01-10,69.32,71.96,68.12,69.57
2024-01-11,69.57,69.98,64.36,64.51
2024-01-12,64.51,65.51,61.85,63.99
2024-01-13,63.99,64.97,62.92,63.65
2024-01-14,63.65,65.56,61.99,65.08
2024-01-15,65.08,65.14,61.86,62.04
2024-01-16,60.4,61.91,58.98,61.58
2024-01-17,61.58,61.58,54.53,54.53
2024-01-18,54.53,54.53,46.86,47.31
2024-01-19,47.32,48.84,45.58,47.29
2024-01-20,47.29,47.96,44.44,45.33
2024-01-21,45.33,46.51,42.71,46.04
2024-01-22,46.04,49.3,45.79,47.66
2024-01-23,47.66,55.68,45.53,51.41
2024-01-24,51.41,51.54,46.37,46.37
2024-01-25,46.37,49.0,46.05,46.8
2024-01-26,46.8,46.8,43.66,43.92
2024-01-27,43.92,43.97,41.78,43.75
2024-01-28,43.75,46.45,43.65,45.52
2024-01-29,45.52,46.32,44.5,45.9
2024-01-30,45.9,50.04,45.76,48.42
2024-01-31,48.42,49.0,46.52,46.54
2024-02-01,46.54,46.54,44.55,45.77
2024-02-02,45.77,46.05,43.3,43.38
2024-02-03,43.38,43.68,42.06,42.37
2024-02-04,42.37,44.17,42.28,43.75
2024-02-05,43.75,44.03,42.17,42.29
2024-02-06,42.29,45.28,41.9,45.02
2024-02-07,45.02,46.21,43.5,45.84
2024-02-08,45.84,46.84,45.46,45.9
2024-02-09,45.9,50.28,45.9,49.39
2024-02-10,49.39,50.26,48.61,49.61
2024-02-11,49.61,51.03,48.8,51.0
2024-02-12,51.0,57.03,50.15,56.78
2024-02-13,57.63,58.81,53.81,54.03
2024-02-14,54.03,59.76,53.45,58.19
2024-02-15,58.19,61.64,57.96,59.11
2024-02-16,59.11,59.81,57.06,58.06
2024-02-17,58.06,60.09,57.89,59.05
2024-02-18,59.05,63.84,57.75,63.49
2024-02-19,63.49,63.59,61.01,61.49
2024-02-20,61.49,61.64,59.01,61.31
2024-02-21,61.31,61.31,58.1,60.26
2024-02-22,60.26,62.68,59.33,60.6
2024-02-23,60.6,60.69,55.55,58.22
2024-02-24,58.22,61.48,58.16,60.27
2024-02-25,60.27,63.43,60.01,63.16
2024-02-26,63.16,64.03,60.5,61.4
2024-02-27,61.4,65.6,61.05,62.53
2024-02-28,62.53,75.63,60.82,68.25
2024-02-29,68.25,74.74,67.15,67.36
2024-03-01,67.36,68.46,63.81,68.17
2024-03-02,68.17,68.88,67.14,68.27
2024-03-03,68.27,75.47,68.27,75.07
2024-03-04,75.07,77.89,72.47,75.57
2024-03-05,75.57,79.4,74.81,76.92
2024-03-06,76.92,83.79,74.74,78.95
2024-03-07,78.95,79.08,73.85,74.68
2024-03-08,74.68,79.16,74.18,76.24
2024-03-09,75.16,77.71,74.18,77.06
2024-03-10,77.06,80.82,75.83,80.39
2024-03-11,80.39,87.41,78.74,85.18
2024-03-12,85.18,85.18,74.43,74.43
2024-03-13,74.43,79.9,73.39,73.39
2024-03-14,73.39,75.24,71.39,72.33
2024-03-15,72.34,80.24,70.88,75.54
2024-03-16,75.54,79.66,70.76,78.79
2024-03-17,78.79,82.59,74.87,75.04
2024-03-18,75.04,77.38,73.72,75.13
2024-03-19,75.13,82.45,73.56,82.45
2024-03-20,82.45,85.82,77.72,78.17
2024-03-21,78.17,80.7,75.97,78.0
2024-03-22,78.0,79.39,75.14,76.56
2024-03-23,76.56,78.52,75.63,77.85
2024-03-24,77.85,78.98,74.26,75.67
2024-03-25,75.67,79.26,75.29,77.54
2024-03-26,77.54,79.05,75.99,78.8
2024-03-27,78.8,79.91,77.23,79.35
2024-03-28,79.35,81.43,79.33,80.41
2024-03-29,80.41,80.45,77.23,79.11
2024-03-30,79.11,79.67,78.25,79.64
2024-03-31,79.64,81.02,78.43,81.02
2024-04-01,81.02,81.72,76.6,78.68
2024-04-02,78.68,80.18,76.72,77.7
2024-04-03,77.7,78.95,75.84,75.93
2024-04-04,75.93,75.95,72.43,74.3
2024-04-05,74.3,75.7,72.32,72.91
2024-04-06,72.91,74.13,70.71,72.29
2024-04-07,72.29,79.16,72.25,79.16
2024-04-08,79.16,82.77,75.82,79.57
2024-04-09,79.57,79.57,76.76,76.76
2024-04-10,76.76,77.23,73.78,74.05
2024-04-11,74.05,74.52,70.6,71.64
2024-04-12,71.64,71.64,68.64,69.61
2024-04-13,69.61,86.2,67.75,80.22
2024-04-14,80.22,82.23,75.96,75.99
2024-04-15,75.99,78.05,70.8,74.04
2024-04-16,74.04,79.59,73.2,78.08
2024-04-17,78.08,78.15,73.5,77.39
2024-04-18,77.39,77.69,73.25,74.44
2024-04-19,74.44,79.32,74.32,76.06
2024-04-20,76.06,76.06,71.75,75.39
2024-04-21,75.39,75.73,73.4,74.47
2024-04-22,74.47,75.01,73.6,74.1
2024-04-23,74.1,74.43,70.14,70.14
2024-04-24,70.14,72.33,69.17,69.89
2024-04-25,69.89,69.89,64.4,67.12
2024-04-26,67.12,67.2,62.72,65.9
2024-04-27,65.9,69.95,63.79,67.65
2024-04-28,67.65,67.65,62.85,65.45
2024-04-29,65.45,66.87,61.97,62.56
2024-04-30,62.56,74.93,59.09,71.72
2024-05-01,71.72,80.83,67.96,73.05
2024-05-02,73.05,74.49,63.0,64.01
2024-05-03,64.01,66.46,61.97,66.18
2024-05-04,66.18,69.52,66.18,68.45
2024-05-05,68.45,70.17,68.14,69.38
2024-05-06,69.38,69.38,66.27,66.64
2024-05-07,66.64,66.73,63.32,64.45
2024-05-08,64.45,64.65,62.35,63.06
2024-05-09,63.06,64.55,61.45,61.45
2024-05-10,61.45,64.25,59.75,63.61
2024-05-11,63.61,63.67,59.27,61.61
2024-05-12,61.61,63.26,60.57,62.18
2024-05-13,62.18,65.5,62.09,63.82
2024-05-14,63.82,63.86,62.4,63.21
2024-05-15,63.21,66.85,61.38,62.31
2024-05-16,62.31,62.32,59.68,60.73
2024-05-17,60.73,62.51,59.67,60.84
2024-05-18,60.84,62.25,60.7,61.31
2024-05-19,61.31,63.89,61.31,63.69
2024-05-20,63.69,82.16,62.78,79.17
2024-05-21,79.17,80.82,75.4,79.34
2024-05-22,79.34,81.24,77.27,77.77
2024-05-23,77.77,82.36,67.46,67.48
2024-05-24,67.48,69.85,64.91,65.31
2024-05-25,65.31,66.8,64.72,65.2
2024-05-26,65.2,69.54,65.19,69.18
2024-05-27,69.18,69.62,66.84,66.91
2024-05-28,66.91,67.13,65.7,66.61
2024-05-29,66.61,67.82,64.74,67.8
2024-05-30,67.8,67.82,64.85,65.12
2024-05-31,65.12,66.96,63.15,66.78
2024-06-01,66.78,68.54,66.06,68.1
2024-06-02,68.1,68.15,67.1,67.43
2024-06-03,67.43,68.25,64.99,65.02
2024-06-04,64.2,66.17,63.71,64.83
2024-06-05,64.84,68.26,63.91,67.91
2024-06-06,67.91,67.96,62.82,62.85
2024-06-07,62.85,64.26,61.55,62.08
2024-06-08,61.6,62.91,61.44,61.95
2024-06-09,61.95,63.38,61.95,63.03
2024-06-10,63.03,63.65,62.23,62.54
2024-06-11,62.54,65.03,61.94,64.86
2024-06-12,64.86,65.76,62.61,62.65
2024-06-13,62.65,62.65,59.63,60.39
2024-06-14,60.39,61.12,57.28,61.06
2024-06-15,61.06,64.39,61.04,62.98
2024-06-16,62.98,63.87,62.87,63.23
2024-06-17,63.23,63.71,61.66,61.69
2024-06-18,61.69,64.64,60.45,64.26
2024-06-19,64.26,67.69,63.59,65.95
2024-06-20,65.95,67.2,64.14,64.14
2024-06-21,64.14,64.14,61.54,62.71
2024-06-22,62.71,63.04,62.35,62.83
2024-06-23,62.83,66.15,62.35,66.06
2024-06-24,62.75,65.09,62.5,64.01
2024-06-25,64.01,64.4,61.76,61.76
2024-06-26,61.76,61.8,59.54,59.83
2024-06-27,59.83,61.65,58.23,61.35
2024-06-28,61.35,61.58,57.64,58.09
2024-06-29,58.09,58.09,56.35,57.12
2024-06-30,57.12,58.49,56.65,58.31
2024-07-01,58.31,60.04,57.43,59.98
2024-07-02,59.98,59.98,56.31,56.37
2024-07-03,55.59,58.18,55.46,57.93
2024-07-04,57.93,60.69,57.65,59.25
2024-07-05,59.25,70.72,59.25,62.53
2024-07-06,62.53,64.75,61.76,62.13
2024-07-07,62.13,64.63,61.69,62.72
2024-07-08,62.72,68.14,62.49,65.23
2024-07-09,65.23,66.07,63.07,63.07
2024-07-10,63.07,63.67,61.53,61.55
2024-07-11,61.55,61.92,60.57,60.72
2024-07-12,60.72,60.91,57.86,57.98
2024-07-13,57.98,58.5,56.85,58.5
2024-07-14,58.5,60.18,58.5,60.17
2024-07-15,60.17,64.73,59.89,64.61
2024-07-16,64.61,65.32,63.74,64.69
2024-07-17,64.69,69.34,64.68,67.05
2024-07-18,67.05,67.07,63.85,64.84
2024-07-19,64.84,67.04,63.79,66.46
2024-07-20,66.46,67.97,65.57,67.93
2024-07-21,67.93,71.05,66.83,70.97
2024-07-22,70.97,70.97,68.12,68.61
2024-07-23,68.61,69.68,65.03,65.34
2024-07-24,65.35,65.35,62.42,62.76
2024-07-25,62.76,65.56,62.69,64.93
2024-07-26,64.93,66.32,62.79,62.88
2024-07-27,62.88,63.75,61.44,61.44
2024-07-28,61.44,61.5,58.52,59.35
2024-07-29,59.35,62.74,57.89,57.89
2024-07-30,57.89,57.89,55.34,56.23
2024-07-31,56.23,56.25,54.59,54.87
2024-08-01,54.87,55.08,53.43,54.92
2024-08-02,54.92,56.85,53.2,56.76
2024-08-03,56.76,60.0,56.76,59.69
2024-08-04,59.69,73.09,59.41,68.27
2024-08-05,68.27,90.4,68.15,76.22
2024-08-06,76.22,76.36,72.91,73.04
2024-08-07,73.04,76.1,70.64,76.02
2024-08-08,75.57,75.75,70.72,70.72
2024-08-09,70.72,72.49,68.99,71.35
2024-08-10,71.35,72.28,71.14,71.68
2024-08-11,71.68,74.61,70.99,74.26
2024-08-12,74.26,75.18,72.95,73.43
2024-08-13,73.43,73.56,71.94,72.03
2024-08-14,72.03,72.24,68.87,69.1
2024-08-15,69.1,69.24,65.62,66.73
2024-08-16,66.73,66.74,64.62,64.67
2024-08-17,64.67,64.96,63.52,64.66
2024-08-18,64.66,67.0,64.55,66.78
2024-08-19,65.94,66.09,64.24,64.4
2024-08-20,64.4,65.39,64.11,64.91
2024-08-21,64.91,65.21,63.51,63.55
2024-08-22,63.55,64.15,62.19,62.24
2024-08-23,62.24,63.11,61.0,62.66
2024-08-24,62.66,62.7,61.28,62.54
2024-08-25,62.54,63.1,61.95,62.35
2024-08-26,62.35,62.53,60.94,61.04
2024-08-27,61.04,66.66,58.81,64.29
2024-08-28,64.29,64.86,62.62,62.68
2024-08-29,62.68,64.46,61.56,62.86
2024-08-30,62.86,64.75,61.65,63.34
2024-08-31,63.34,63.42,61.6,61.91
2024-09-01,61.91,65.64,61.8,65.62
2024-09-02,65.62,65.69,64.47,64.49
2024-09-03,64.0,66.93,63.79,66.49
2024-09-04,66.48,72.65,66.46,67.35
2024-09-05,67.35,67.48,66.55,67.42
2024-09-06,67.42,74.26,66.34,73.05
2024-09-07,73.05,73.09,70.67,71.75
2024-09-08,71.75,72.43,68.79,71.6
2024-09-09,71.6,71.72,67.97,68.25
2024-09-10,68.25,68.26,65.69,65.74
2024-09-11,65.74,65.74,62.03,62.55
2024-09-12,62.55,63.72,62.28,62.68
2024-09-13,62.68,62.72,61.28,61.67
2024-09-14,61.67,61.67,60.23,61.46
2024-09-15,61.46,64.18,60.99,64.18
2024-09-16,64.18,64.41,62.2,62.24
2024-09-17,62.24,63.0,61.28,61.32
2024-09-18,61.32,63.04,59.99,60.36
2024-09-19,60.36,62.23,60.22,61.98
2024-09-20,61.98,63.89,60.87,61.06
2024-09-21,61.06,61.74,60.43,61.62
2024-09-22,61.62,62.29,60.83,61.8
2024-09-23,61.8,62.43,60.21,60.29
2024-09-24,60.29,61.16,59.67,60.48
2024-09-25,60.48,60.63,57.07,57.07
2024-09-26,57.07,59.4,57.01,59.21
2024-09-27,59.21,60.48,58.72,58.85
2024-09-28,58.85,60.08,58.8,59.48
2024-09-29,59.48,61.66,59.42,61.6
2024-09-30,61.6,62.73,61.51,62.34
2024-10-01,62.34,65.31,62.17,64.37
2024-10-02,64.37,65.71,62.21,62.65
2024-10-03,62.65,64.68,62.4,64.57
2024-10-04,64.57,64.75,63.24,63.33
2024-10-05,63.33,63.65,62.59,63.09
2024-10-06,63.09,64.59,62.88,64.46
2024-10-07,64.46,65.1,62.54,62.56
2024-10-08,62.55,62.66,61.86,61.91
2024-10-09,61.91,62.64,61.82,62.04
2024-10-10,62.04,62.74,61.0,61.34
2024-10-11,61.35,62.78,60.48,62.63
2024-10-12,62.63,63.42,62.3,63.11
2024-10-13,63.11,63.81,62.94,63.43
2024-10-14,63.43,65.59,63.35,65.05
2024-10-15,65.05,65.13,62.9,64.32
2024-10-16,64.32,64.51,62.66,62.66
2024-10-17,62.66,62.85,60.76,60.92
2024-10-18,60.92,61.81,59.29,61.5
2024-10-19,61.5,62.08,61.27,61.86
2024-10-20,61.86,64.28,61.75,64.13
2024-10-21,64.13,64.32,62.75,62.83
2024-10-22,62.83,63.01,61.18,62.55
2024-10-23,62.55,63.99,60.74,63.24
2024-10-24,63.24,63.47,60.48,61.9
2024-10-25,61.9,65.53,60.83,65.52
2024-10-26,65.52,65.52,63.28,63.93
2024-10-27,63.93,64.57,62.26,64.45
2024-10-28,64.45,64.57,61.96,62.78
2024-10-29,62.78,63.82,62.46,63.5
2024-10-30,63.68,64.2,62.69,63.27
2024-10-31,63.27,64.24,62.38,62.5
2024-11-01,62.5,64.94,62.36,63.8
2024-11-02,63.8,64.59,63.61,64.1
2024-11-03,64.1,68.53,64.1,67.18
2024-11-04,67.18,68.06,66.79,67.8
2024-11-05,67.8,69.42,66.11,67.68
2024-11-06,67.68,67.92,58.15,62.38
2024-11-07,62.38,63.37,60.45,62.57
2024-11-08,62.57,62.99,58.75,60.1
2024-11-09,60.1,62.57,59.9,62.57
2024-11-10,62.57,65.24,61.15,65.21
2024-11-11,65.21,68.31,61.64,68.19
2024-11-12,68.19,70.2,64.19,64.19
2024-11-13,64.19,67.29,62.22,62.24
2024-11-14,62.24,65.09,60.76,63.4
2024-11-15,63.4,65.63,62.72,63.24
2024-11-16,62.45,66.33,61.98,64.85
2024-11-17,64.85,65.6,64.49,65.08
2024-11-18,65.08,66.87,64.54,66.79
2024-11-19,66.79,66.95,63.72,64.56
2024-11-20,64.56,66.36,63.4,65.1
2024-11-21,65.1,72.62,65.1,72.13
2024-11-22,72.13,72.17,69.73,70.49
2024-11-23,70.49,78.78,70.44,78.41
2024-11-24,78.41,78.83,72.38,76.32
2024-11-25,76.32,76.48,73.73,74.93
2024-11-26,74.93,74.94,70.47,73.52
2024-11-27,73.52,75.42,71.51,74.98
2024-11-28,74.98,75.1,71.04,71.3
2024-11-29,71.34,71.64,67.32,67.32
2024-11-30,70.1,71.38,69.38,70.91
2024-12-01,70.91,78.57,70.81,74.84
2024-12-02,74.84,74.92,70.45,70.64
2024-12-03,70.32,70.87,69.7,70.41
2024-12-04,70.41,74.73,70.36,73.75
2024-12-05,73.75,74.42,69.88,71.62
2024-12-06,71.63,73.27,69.98,70.67
2024-12-07,70.67,73.33,69.93,73.16
2024-12-08,73.16,73.19,71.82,72.72
2024-12-09,72.72,75.99,72.54,75.07
2024-12-10,75.07,77.88,71.2,72.28
2024-12-11,72.28,74.39,72.23,72.67
2024-12-12,72.67,73.75,71.85,72.29
2024-12-13,72.29,73.3,70.38,73.1
2024-12-14,73.1,73.32,72.32,72.51
2024-12-15,72.51,73.67,72.03,73.58
2024-12-16,73.58,73.85,71.04,71.31
2024-12-17,71.31,71.78,69.84,71.74
2024-12-18,71.74,73.62,70.77,73.62
2024-12-19,74.48,74.54,71.7,74.45
2024-12-20,74.45,78.6,71.44,71.53
2024-12-21,71.53,74.36,71.04,73.14
2024-12-22,73.14,78.61,73.1,78.52
2024-12-23,78.52,79.43,72.43,74.64
2024-12-24,74.64,75.9,72.93,72.97
2024-12-25,72.97,75.59,72.63,73.93
2024-12-26,73.93,75.49,72.35,75.1
2024-12-27,75.1,75.83,70.66,74.07
2024-12-28,74.07,76.37,72.87,75.63
2024-12-29,75.63,75.74,74.48,75.02
2024-12-30,75.02,75.46,73.97,74.38
2024-12-31,74.38,74.38,70.33,70.35
2025-01-01,70.35,71.15,69.1,71.11
2025-01-02,71.11,75.7,70.61,71.61
2025-01-03,71.61,72.18,68.91,69.01
2025-01-04,69.01,72.05,69.01,71.26
2025-01-05,71.26,71.6,70.89,71.26
2025-01-06,71.26,71.61,68.68,68.91
2025-01-07,68.91,70.76,67.51,70.57
2025-01-08,69.51,70.04,69.13,69.19
2025-01-09,69.19,69.99,68.05,69.99
2025-01-10,69.99,70.28,67.84,67.84
2025-01-11,67.84,69.42,67.61,69.1
2025-01-12,69.1,70.04,68.59,69.71
2025-01-13,69.71,74.15,69.56,71.44
2025-01-14,71.44,73.07,71.23,71.55
2025-01-15,71.55,71.88,70.4,71.3
2025-01-16,71.3,72.6,70.05,71.36
2025-01-17,71.36,72.62,70.76,70.8
2025-01-18,70.8,73.91,70.75,72.65
2025-01-19,72.65,77.7,72.0,76.29
2025-01-20,76.29,78.35,73.15,73.15
2025-01-21,73.15,73.99,70.98,71.09
2025-01-22,71.09,71.15,69.08,69.1
2025-01-23,69.1,69.68,67.81,68.41
2025-01-24,68.41,68.42,65.93,65.93
2025-01-25,65.93,67.11,65.34,67.08
2025-01-26,67.08,67.63,66.74,67.21
2025-01-27,67.21,69.1,66.93,67.79
2025-01-28,67.79,68.16,66.23,66.26
2025-01-29,66.26,67.03,65.23,65.24
2025-01-30,65.24,66.71,64.99,65.71
2025-01-31,65.7,66.02,63.38,64.23
2025-02-01,64.23,66.13,63.45,65.83
2025-02-02,65.83,73.41,65.34,67.84
2025-02-03,67.84,101.17,66.8,70.91
2025-02-04,71.11,72.89,70.41,71.08
2025-02-05,71.08,71.37,68.01,69.77
2025-02-06,69.77,69.99,68.64,69.79
2025-02-07,69.79,69.96,68.1,69.78
2025-02-08,69.78,70.33,69.37,69.78
2025-02-09,69.78,71.62,69.59,71.12
2025-02-10,71.12,71.58,69.11,69.22
2025-02-11,69.22,70.4,68.91,70.26
2025-02-12,70.26,70.75,68.17,69.47
2025-02-13,69.47,71.92,68.95,69.18
2025-02-14,69.18,69.19,66.19,66.83
2025-02-15,66.83,66.83,64.96,65.91
2025-02-16,65.91,67.51,65.85,66.67
2025-02-17,66.67,68.66,66.33,67.43
2025-02-18,67.43,69.37,66.77,67.61
2025-02-19,67.61,67.62,64.92,64.92
2025-02-20,64.92,64.92,62.49,62.65
2025-02-21,62.65,65.84,60.4,63.91
2025-02-22,63.91,67.05,63.7,65.49
2025-02-23,65.49,66.9,64.95,66.83
2025-02-24,66.83,66.84,61.81,64.89
2025-02-25,64.89,70.35,64.76,65.04
2025-02-26,65.04,67.03,64.01,66.16
2025-02-27,66.16,67.07,64.48,66.21
2025-02-28,66.21,77.39,64.87,64.87
2025-03-01,64.87,67.02,64.28,66.24
2025-03-02,66.24,70.16,66.06,68.17
2025-03-03,68.17,75.05,66.71,74.25
2025-03-04,74.25,81.31,71.61,73.05
2025-03-05,73.05,75.2,70.83,71.62
2025-03-06,71.44,72.75,70.83,72.65
2025-03-07,72.65,73.08,68.47,69.48
2025-03-08,69.48,69.5,67.05,69.24
2025-03-09,69.24,78.16,68.98,77.95
2025-03-10,77.95,78.05,71.79,74.95
2025-03-11,74.95,77.16,73.28,73.28
2025-03-12,73.28,76.93,72.5,75.05
2025-03-13,75.05,75.47,74.19,74.34
2025-03-14,74.34,74.59,72.06,72.23
2025-03-15,72.23,72.52,71.2,72.42
2025-03-16,72.42,73.18,72.38,72.67
2025-03-17,72.66,72.81,69.15,69.15
2025-03-18,69.15,69.19,67.36,67.45
2025-03-19,67.45,68.58,66.41,68.44
2025-03-20,68.44,68.56,65.3,65.47
2025-03-21,65.47,65.55,63.98,64.09
2025-03-22,64.09,66.65,63.36,66.48
2025-03-23,66.48,66.6,63.6,64.13
2025-03-24,64.13,65.04,62.5,62.5
2025-03-25,62.5,62.92,61.6,61.88
2025-03-26,61.88,62.38,61.5,62.0
2025-03-27,62.0,62.0,60.77,61.31
2025-03-28,61.31,66.21,61.05,64.2
2025-03-29,64.2,72.38,63.81,71.49
2025-03-30,71.49,72.03,68.99,71.67
2025-03-31,71.67,71.81,68.64,68.64
2025-04-01,66.26,66.7,65.27,66.55
2025-04-02,66.55,69.67,65.3,68.99
2025-04-03,68.99,70.6,67.22,69.62
2025-04-04,69.62,72.53,68.64,71.29
2025-04-05,71.29,73.25,70.94,72.98
2025-04-06,72.98,83.92,72.91,81.48
2025-04-07,81.48,88.43,74.66,75.06
2025-04-08,75.06,79.76,74.52,78.39
2025-04-09,78.39,89.88,72.77,72.77
2025-04-10,72.77,77.6,71.27,75.48
2025-04-11,75.48,76.48,75.02,76.36
2025-04-12,76.36,77.51,74.13,75.63
2025-04-13,75.62,79.09,74.97,78.58
2025-04-14,78.58,78.58,72.61,72.65
2025-04-15,71.4,71.79,70.58,70.85
2025-04-16,70.85,73.73,69.41,69.7
2025-04-17,69.7,70.54,68.73,70.28
2025-04-18,70.28,70.29,68.22,68.38
2025-04-19,68.38,68.72,67.0,67.74
2025-04-20,67.74,69.33,67.65,69.02
2025-04-21,69.02,69.84,68.14,68.43
2025-04-22,68.43,72.69,67.97,72.69
2025-04-23,72.69,73.31,70.94,71.7
2025-04-24,71.7,71.7,69.47,69.58
2025-04-25,69.58,70.44,68.89,69.34
2025-04-26,69.34,70.17,69.16,69.93
2025-04-27,69.93,70.24,69.54,69.79
2025-04-28,69.79,70.03,68.01,68.11
2025-04-29,68.1,68.58,67.49,67.69
2025-04-30,67.69,68.16,66.37,66.48
2025-05-01,66.48,67.62,65.7,66.22
2025-05-02,66.21,67.71,64.13,64.35
2025-05-03,64.35,64.7,63.87,64.59
2025-05-04,64.59,65.18,64.22,65.12
2025-05-05,65.12,65.57,62.47,62.62
2025-05-06,62.62,64.39,62.51,64.3
2025-05-07,64.3,65.01,63.07,63.45
2025-05-08,63.45,69.04,62.84,66.96
2025-05-09,66.97,73.61,66.2,72.25
2025-05-10,72.25,78.25,71.89,75.47
2025-05-11,75.46,76.41,73.67,74.66
2025-05-12,74.66,75.29,72.31,72.31
2025-05-13,68.93,73.96,68.37,71.34
2025-05-14,71.34,71.38,68.9,70.83
2025-05-15,70.83,71.52,67.12,70.15
2025-05-16,70.15,71.31,68.34,68.94
2025-05-17,68.94,70.34,68.35,69.33
2025-05-18,69.33,75.77,68.82,74.3
2025-05-19,74.3,75.23,70.6,71.07
2025-05-20,71.07,71.7,69.94,70.88
2025-05-21,70.88,73.59,70.65,73.4
2025-05-22,73.4,75.47,73.26,74.79
2025-05-23,74.79,75.1,72.41,72.7
2025-05-24,72.7,73.18,71.92,72.74
2025-05-25,72.74,74.66,72.68,73.54
2025-05-26,73.54,73.72,71.79,71.8
2025-05-27,71.8,72.29,70.6,71.17
2025-05-28,71.17,71.18,68.39,70.14
2025-05-29,70.14,73.22,69.86,72.95
2025-05-30,72.95,73.58,70.75,71.41
2025-05-31,71.41,72.88,69.96,72.48
2025-06-01,72.48,74.6,71.69,72.23
2025-06-02,72.23,72.45,69.07,69.56
2025-06-03,69.56,70.3,68.26,68.38
2025-06-04,68.38,68.39,67.27,67.9
2025-06-05,67.89,72.74,66.11,72.45
2025-06-06,72.45,72.5,69.3,69.32
2025-06-07,69.32,72.65,67.57,71.27
2025-06-08,71.26,71.44,70.24,71.03
2025-06-09,71.03,71.09,68.74,70.68
2025-06-10,70.45,76.63,70.25,76.22
2025-06-11,76.22,76.71,71.91,71.92
2025-06-12,71.92,72.0,69.61,70.64
2025-06-13,70.64,76.19,70.63,74.82
2025-06-14,74.82,75.14,72.38,73.18
2025-06-15,73.18,79.66,72.89,78.15
2025-06-16,78.15,78.15,74.28,76.2
2025-06-17,76.2,76.48,74.98,75.19
2025-06-18,75.19,76.0,74.34,74.72
2025-06-19,74.72,75.19,72.11,72.64
2025-06-20,72.64,72.9,69.77,71.49
2025-06-21,71.49,77.49,70.74,76.26
2025-06-22,76.25,76.81,71.95,73.43
2025-06-23,73.43,74.3,71.09,71.1
2025-06-24,71.1,71.6,69.81,70.17
2025-06-25,70.17,70.18,68.2,69.32
2025-06-26,69.32,69.32,67.78,68.88
2025-06-27,68.88,69.12,64.85,65.59
2025-06-28,65.59,65.6,62.71,63.96
2025-06-29,63.96,65.35,63.57,65.08
2025-06-30,65.08,65.31,63.1,63.1
2025-07-01,62.17,62.26,61.05,61.62
2025-07-02,61.62,67.01,60.14,66.47
2025-07-03,66.47,66.67,64.8,65.45
2025-07-04,65.45,65.51,62.22,64.25
2025-07-05,64.25,64.27,61.86,62.73
2025-07-06,62.73,63.42,61.91,63.38
2025-07-07,63.38,64.38,62.86,63.75
2025-07-08,63.75,63.95,61.69,63.12
2025-07-09,63.12,65.82,62.69,65.37
2025-07-10,65.37,67.97,64.56,67.2
2025-07-11,67.2,68.76,66.07,68.43
2025-07-12,68.43,69.03,66.16,68.03
2025-07-13,68.03,69.77,66.27,66.36
2025-07-14,66.36,68.51,66.16,67.67
2025-07-15,67.67,70.02,64.71,69.08
2025-07-16,69.08,70.17,65.32,66.17
2025-07-17,66.17,72.66,65.83,71.04
2025-07-18,71.04,71.46,67.08,67.29
2025-07-19,67.29,67.65,66.17,67.55
2025-07-20,67.55,71.94,67.36,70.58
2025-07-21,70.58,70.85,68.7,69.6
2025-07-22,69.6,70.1,67.23,68.42
2025-07-23,68.42,68.47,66.88,68.18
2025-07-24,68.18,68.27,66.48,67.47
2025-07-25,67.47,70.61,67.02,67.36
2025-07-26,67.36,67.61,66.49,67.52
2025-07-27,67.52,69.85,67.34,67.96
2025-07-28,67.96,69.75,67.65,67.68
2025-07-29,67.68,69.14,65.82,66.53
2025-07-30,66.53,66.85,64.07,65.18
2025-07-31,65.18,67.32,64.82,67.3
2025-08-01,67.3,70.5,66.1,69.77
2025-08-02,69.77,70.47,67.26,70.19
2025-08-03,70.19,70.22,68.02,68.96
2025-08-04,68.96,68.96,63.79,66.19
2025-08-05,65.66,66.18,64.42,65.94
2025-08-06,65.94,65.94,64.47,64.68
2025-08-07,64.68,66.09,63.04,65.44
2025-08-08,65.44,68.75,63.24,67.97
2025-08-09,67.97,70.97,67.5,70.64
2025-08-10,70.64,70.81,67.31,68.38
2025-08-11,68.38,71.57,66.77,69.21
2025-08-12,69.21,70.51,67.87,69.79
2025-08-13,71.2,72.71,70.56,70.88
2025-08-14,70.88,71.61,67.94,71.24
2025-08-15,71.24,71.65,68.52,71.64
2025-08-16,71.64,71.85,70.28,71.72
2025-08-17,71.72,72.83,69.26,72.82
2025-08-18,72.82,72.99,70.0,70.58
2025-08-19,70.58,72.95,70.5,72.92
2025-08-20,72.92,73.61,70.08,70.55
2025-08-21,70.55,70.57,69.33,69.99
2025-08-22,69.99,71.41,67.64,69.41
2025-08-23,69.41,69.46,68.17,68.79
2025-08-24,68.79,72.64,68.79,70.71
2025-08-25,70.71,75.63,70.71,74.6
2025-08-26,74.6,76.52,73.87,74.72
2025-08-27,74.72,74.77,71.73,71.73
2025-08-28,71.73,71.73,69.99,70.42
2025-08-29,70.42,72.83,70.04,70.74
2025-08-30,70.74,71.15,70.31,70.7
2025-08-31,70.7,70.81,68.89,69.67
2025-09-01,69.67,70.86,68.32,70.65
2025-09-02,70.87,71.44,70.57,71.12
2025-09-03,71.12,71.33,70.12,70.59
2025-09-04,70.59,71.11,69.84,70.48
2025-09-05,70.48,70.52,66.14,67.53
2025-09-06,67.53,68.01,66.94,67.41
2025-09-07,67.4,67.41,66.85,67.1
2025-09-08,67.1,67.27,65.06,65.13
2025-09-09,65.13,65.24,64.22,65.15
2025-09-10,65.15,67.09,64.85,65.1
2025-09-11,65.1,65.23,63.6,64.15
2025-09-12,64.15,64.27,62.99,63.78
2025-09-13,63.78,64.01,61.71,61.8
2025-09-14,61.8,62.04,60.98,61.68
2025-09-15,61.68,63.51,61.68,62.78
2025-09-16,62.78,63.5,62.6,63.5
2025-09-17,63.5,65.37,62.86,63.67
2025-09-18,63.67,63.76,61.16,61.91
2025-09-19,61.91,61.93,60.11,60.79
2025-09-20,60.79,60.91,60.06,60.3
2025-09-21,60.3,60.68,59.91,60.57
2025-09-22,60.57,65.42,60.39,63.28
2025-09-23,63.28,64.41,62.71,64.12
2025-09-24,64.12,64.64,62.9,63.57
2025-09-25,63.57,66.98,63.49,66.7
2025-09-26,66.69,66.69,62.73,63.6
2025-09-27,63.6,63.92,63.3,63.5
2025-09-28,63.5,64.06,63.08,63.86
2025-09-29,63.86,63.9,62.55,63.14
2025-09-30,63.14,63.38,62.21,62.38
2025-10-01,62.38,63.19,61.65,63.03
2025-10-02,63.03,64.0,62.35,63.54
2025-10-03,63.54,63.62,61.84,62.42
2025-10-04,62.42,62.98,62.21,62.52
2025-10-05,62.52,63.86,62.16,63.15
2025-10-06,63.15,63.67,62.41,63.1
2025-10-07,63.05,64.23,62.62,63.84
2025-10-08,63.84,66.08,62.61,62.74
2025-10-09,62.74,64.74,62.73,64.69
2025-10-10,64.69,73.15,63.48,67.63
2025-10-11,67.63,73.7,67.63,71.71
2025-10-12,71.71,71.85,69.25,71.31
2025-10-13,71.31,71.31,69.15,70.58
2025-10-14,70.58,75.44,70.5,73.13
2025-10-15,73.13,73.39,71.61,72.34
2025-10-16,72.34,73.59,72.06,73.59
2025-10-17,73.59,77.18,72.85,75.49
2025-10-18,75.49,75.59,73.06,73.49
2025-10-19,73.49,74.22,71.91,72.99
2025-10-20,72.99,74.27,72.05,73.24
2025-10-21,73.24,74.75,72.45,74.68
2025-10-22,74.68,76.08,74.41,75.91
2025-10-23,75.91,75.91,72.96,72.97
2025-10-24,72.97,73.01,69.35,69.47
2025-10-25,69.47,69.65,68.81,69.21
2025-10-26,69.21,70.0,68.96,69.47
2025-10-27,69.47,69.51,68.46,68.75
2025-10-28,68.75,69.93,67.59,69.85
2025-10-29,69.85,71.63,68.96,71.45
2025-10-30,71.45,72.14,69.18,70.04
2025-10-31,70.04,70.04,67.32,68.53
2025-11-01,68.53,68.96,68.26,68.6
2025-11-02,68.6,68.88,67.74,67.84
2025-11-03,67.84,71.36,67.56,70.28
2025-11-04,70.28,79.85,69.14,74.76
2025-11-05,74.76,79.31,70.65,70.65
2025-11-06,70.65,73.85,70.12,72.82
2025-11-07,72.82,73.54,71.14,71.6
2025-11-08,71.6,72.25,70.13,71.8
2025-11-09,71.8,74.22,71.03,73.01
2025-11-10,73.01,73.52,72.11,72.13
2025-11-11,72.13,74.76,71.85,74.73
2025-11-12,74.73,74.87,72.43,73.05
2025-11-13,73.04,74.67,70.81,74.48
2025-11-14,74.48,78.39,74.08,77.94
2025-11-15,77.94,77.95,75.12,75.56
2025-11-16,75.56,79.61,75.23,77.2
2025-11-17,77.2,79.14,74.97,77.94
2025-11-18,77.94,79.07,75.36,75.43
2025-11-19,75.43,78.7,74.39,76.67
2025-11-20,76.67,79.17,74.67,79.04
2025-11-21,79.04,84.36,78.28,80.53
2025-11-22,80.53,80.53,79.57,80.38
2025-11-23,80.38,80.46,79.36,79.79
2025-11-24,79.79,80.07,77.31,77.36
2025-11-25,77.06,77.06,74.29,74.59
2025-11-26,74.59,75.63,72.41,72.66
2025-11-27,72.66,73.0,71.17,71.68
2025-11-28,71.68,71.76,69.51,70.62
2025-11-29,70.62,71.73,70.57,71.24
2025-11-30,71.24,72.22,71.09,72.21
2025-12-01,72.21,75.98,72.21,74.22
2025-12-02,74.22,74.23,70.5,70.56
2025-12-03,70.56,70.58,68.55,69.75
2025-12-04,69.75,70.29,68.17,69.48
2025-12-05,69.48,74.23,68.52,73.21
2025-12-06,73.21,73.78,71.92,73.28
2025-12-07,73.28,77.54,73.26,75.68
2025-12-08,75.68,75.68,72.83,72.94
2025-12-09,72.94,73.01,71.58,72.22
2025-12-10,72.22,72.56,69.63,69.64
2025-12-11,69.64,72.0,68.39,69.75
2025-12-12,69.75,69.99,67.33,68.59
2025-12-13,68.59,69.09,68.01,69.09
2025-12-14,69.09,71.06,69.06,70.9
2025-12-15,70.9,70.95,67.35,69.15
2025-12-16,69.42,69.71,68.89,69.06
2025-12-17,69.06,70.85,68.64,69.58
2025-12-18,69.57,70.71,68.86,69.74
2025-12-19,69.74,70.72,68.18,68.63
2025-12-20,68.63,68.63,67.88,68.51
2025-12-21,68.51,69.39,68.18,68.81
2025-12-22,68.81,68.94,66.77,68.12
2025-12-23,68.12,68.42,66.09,66.94
2025-12-24,66.94,67.17,64.69,65.7
2025-12-25,65.7,65.8,63.41,65.15
2025-12-26,65.15,65.24,59.32,60.04
2025-12-27,60.04,61.01,59.92,61.01
2025-12-28,61.01,62.24,60.83,61.89
2025-12-29,61.89,62.33,61.29,61.31
2025-12-30,61.31,61.52,60.45,60.69
2025-12-31,60.69,60.9,59.24,60.79
2026-01-01,60.79,61.0,58.33,58.82
2026-01-02,58.82,60.28,58.63,59.82
2026-01-03,59.82,60.96,59.27,60.96
2026-01-04,60.96,61.58,60.91,61.43
2026-01-05,61.43,62.43,61.35,61.57
2026-01-06,61.57,61.86,60.97,61.6
2026-01-07,61.6,61.6,59.69,59.83
2026-01-08,59.83,60.6,58.9,59.01
2026-01-09,59.01,59.26,56.77,57.08
2026-01-10,57.08,57.34,56.5,57.04
2026-01-11,57.04,58.24,56.99,58.24
2026-01-12,58.24,58.37,57.48,57.56
2026-01-13,56.72,59.09,56.45,58.6
2026-01-14,58.6,58.61,56.5,57.09
2026-01-15,57.09,57.32,55.72,56.42
2026-01-16,56.42,56.48,53.95,53.97
2026-01-17,53.97,54.22,53.52,54.21
2026-01-18,54.21,55.68,54.06,55.68
2026-01-19,55.68,56.27,54.49,55.02
2026-01-20,55.02,56.51,54.6,56.39
2026-01-21,56.39,56.67,53.97,54.11
2026-01-22,54.11,54.92,53.65,54.79
2026-01-23,54.79,54.79,52.79,53.4
2026-01-24,53.4,54.56,53.34,54.44
2026-01-25,54.44,60.46,54.44,55.58
2026-01-26,55.58,56.26,54.16,54.22
2026-01-27,54.22,54.59,53.36,54.22
2026-01-28,54.22,54.82,53.66,53.67
2026-01-29,53.67,55.19,52.46,54.69
2026-01-30,54.69,63.67,53.82,59.15
2026-01-31,59.15,66.85,58.57,62.78
2026-02-01,62.78,66.76,61.74,66.29
2026-02-02,66.29,81.87,63.58,64.24
2026-02-03,64.24,78.84,64.16,72.26
2026-02-04,72.26,79.73,70.01,78.02
2026-02-05,78.02,100.41,77.33,95.78
2026-02-06,95.78,100.63,76.4,76.89
2026-02-07,76.89,80.41,75.97,79.46
2026-02-08,79.46,80.42,78.68,79.41
2026-02-09,79.41,80.42,76.07,76.89
2026-02-10,75.89,75.96,73.71,73.92
2026-02-11,73.92,76.99,73.06,74.62
2026-02-12,74.62,74.62,70.21,70.23
2026-02-13,70.23,70.7,67.42,68.22
2026-02-14,68.22,69.43,67.62,68.95
2026-02-15,68.95,72.12,68.66,71.58
2026-02-16,71.58,71.81,69.4,69.43
2026-02-17,69.43,71.47,69.03,70.18
2026-02-18,70.18,71.13,67.95,70.78
2026-02-19,70.78,71.09,68.47,69.78
2026-02-20,69.78,69.92,67.76,68.03
2026-02-21,68.03,68.45,67.56,68.45
2026-02-22,68.45,70.46,68.25,69.13
2026-02-23,69.13,73.51,68.91,72.71
2026-02-24,72.71,75.87,70.51,70.78
2026-02-25,70.78,71.65,66.82,71.1
2026-02-26,71.1,71.6,68.18,70.51
2026-02-27,69.54,72.66,69.42,71.23
2026-02-28,71.23,75.53,69.84,72.38
2026-03-01,72.38,75.03,71.38,72.6
2026-03-02,72.6,73.16,71.2,73.13
2026-03-03,73.13,75.36,72.3,73.82
2026-03-04,73.82,76.02,73.78,75.02
2026-03-05,75.02,77.62,73.77,76.21
2026-03-06,76.21,77.58,75.22,76.22
2026-03-07,76.22,77.67,75.27,76.99
2026-03-08,76.99,79.27,76.99,78.42
2026-03-09,78.42,78.43,74.77,74.92
2026-03-10,74.92,75.99,71.94,75.51
2026-03-11,75.51,75.82,73.9,74.76
2026-03-12,74.76,75.09,73.8,74.38
2026-03-13,74.38,75.67,73.96,74.8
2026-03-14,74.8,75.9,74.6,75.83
2026-03-15,75.83,76.48,75.54,76.1
2026-03-16,76.1,76.59,74.03,75.67
2026-03-17,75.67,77.14,74.88,75.88
2026-03-18,75.88,78.91,74.7,78.01
2026-03-19,78.01,79.36,76.69,79.33
2026-03-20,79.33,79.45,77.78,78.53
2026-03-21,78.53,79.06,76.34,79.06
2026-03-22,79.06,80.81,78.07,79.11
2026-03-23,79.11,80.12,75.48,75.53
2026-03-24,75.53,76.58,74.95,74.99
2026-03-25,74.99,75.07,71.88,73.94
2026-03-26,73.94,75.3,73.19,75.08
2026-03-27,75.08,75.74,71.94,73.49
2026-03-28,73.49,74.69,73.33,74.53
2026-03-29,74.53,75.25,73.99,74.49
2026-03-30,74.49,75.53,73.38,74.58
2026-03-31,73.02,74.31,72.22,72.37
2026-04-01,72.37,73.82,71.68,72.02
2026-04-02,72.02,73.97,70.96,71.13
2026-04-03,71.13,71.22,68.09,68.3
2026-04-04,68.3,68.77,67.96,68.74
2026-04-05,68.74,70.08,68.64,69.94
2026-04-06,69.94,69.96,67.24,69.1
2026-04-07,69.1,69.83,67.25,69.49
2026-04-08,69.49,69.52,64.93,65.06
2026-04-09,65.06,65.29,63.44,63.51
2026-04-10,63.51,64.6,62.56,64.32
2026-04-11,64.32,66.88,63.93,66.86
2026-04-12,66.86,67.85,66.02,66.44
2026-04-13,66.44,66.76,64.91,66.67
2026-04-14,66.67,66.75,65.57,65.71
2026-04-15,65.71,66.41,65.45,65.88
2026-04-16,65.88,66.47,65.44,65.68
2026-04-17,65.68,68.14,63.16,64.88
2026-04-18,64.88,67.65,64.01,67.59
2026-04-19,67.59,69.12,67.02,68.39
2026-04-20,68.39,68.39,64.23,65.42
2026-04-21,65.42,66.75,64.77,64.84
2026-04-22,64.85,65.27,63.01,63.81
2026-04-23,63.81,65.52,63.77,64.46
2026-04-24,64.46,64.61,60.63,60.65
2026-04-25,60.65,60.84,59.75,60.82
2026-04-26,60.82,62.4,60.81,61.58
2026-04-27,61.58,61.59,59.15,59.24
2026-04-28,59.24,59.8,57.24,57.63
2026-04-29,57.63,57.68,56.04,57.24
2026-04-30,57.24,57.38,55.81,56.02
2026-05-01,56.02,56.02,54.34,54.74
2026-05-02,54.74,54.94,54.1,54.86
2026-05-03,54.86,55.67,54.53,55.28
2026-05-04,55.28,56.13,55.05,55.86
2026-05-05,55.86,56.22,54.66,55.03
2026-05-06,54.46,56.24,54.25,55.56
2026-05-07,55.56,56.08,52.82,54.22
2026-05-08,54.22,54.72,52.86,53.45
2026-05-09,53.45,54.0,53.11,53.79
2026-05-10,53.79,55.14,53.74,54.61
2026-05-11,54.61,54.62,53.24,53.53
2026-05-12,53.53,53.8,52.7,53.33
2026-05-13,53.34,54.47,52.32,54.2
2026-05-14,54.2,54.72,53.05,54.21
2026-05-15,54.21,54.83,52.71,53.33
2026-05-16,53.33,55.18,53.1,54.13
2026-05-17,54.13,55.75,53.48,55.63
2026-05-18,55.63,56.6,52.86,52.99
2026-05-19,52.08,53.61,52.08,52.15
2026-05-20,52.15,53.0,51.69,52.0
2026-05-21,52.0,52.0,49.34,49.43
2026-05-22,49.43,50.56,48.23,50.29
2026-05-23,50.29,52.38,49.6,50.83
2026-05-24,50.83,51.83,50.09,51.3
2026-05-25,51.3,51.31,47.65,47.66
2026-05-26,47.66,49.01,47.04,48.78
2026-05-27,48.78,49.44,48.64,49.29
2026-05-28,49.29,52.09,49.2,49.24
2026-05-29,49.24,49.42,48.31,48.59
2026-05-30,48.59,49.09,48.33,48.91
2026-05-31,48.91,49.89,48.77,49.63
2026-06-01,49.63,49.83,49.22,49.25
2026-06-02,49.26,55.82,49.22,55.62
2026-06-03,55.62,60.47,53.66,60.4
2026-06-04,60.4,66.22,59.3,59.46
2026-06-05,59.46,71.92,59.43,68.3
2026-06-06,68.3,70.14,67.65,69.23
2026-06-07,69.23,69.91,66.54,67.21
2026-06-08,67.21,67.21,60.91,61.26
2026-06-09,61.26,63.51,60.53,61.31
2026-06-10,61.31,62.65,60.42,61.15
2026-06-11,61.15,61.17,56.84,56.84
2026-06-12,56.75,57.2,55.45,55.52
2026-06-13,55.52,55.85,55.05,55.59
2026-06-14,55.59,55.98,55.24,55.49
2026-06-15,55.49,55.5,52.92,54.25
2026-06-16,54.25,56.15,53.63,54.02
2026-06-17,54.02,56.79,53.89,55.98
2026-06-18,55.98,58.56,55.44,58.18
2026-06-19,58.18,58.8,57.13,57.13
2026-06-20,57.13,57.4,56.3,56.39
2026-06-21,56.39,58.21,56.31,58.17
2026-06-22,58.17,58.17,55.03,55.82
2026-06-23,55.82,57.6,53.51,56.18
2026-06-24,56.18,60.55,55.45,58.83
2026-06-25,58.83,61.83,57.17,60.76
2026-06-26,60.76,62.94,59.76,59.77
2026-06-27,59.77,59.9,58.63,59.87
2026-06-28,59.87,61.89,59.6,61.32
2026-06-29,61.32,61.44,57.9,57.93
2026-06-30,58.31,60.01,58.27,58.98
2026-07-01,58.98,59.23,56.5,56.89
2026-07-02,56.89,57.09,54.04,55.11
2026-07-03,55.11,55.29,51.87,53.55
2026-07-04,53.55,53.82,51.89,52.97
2026-07-05,52.97,54.5,52.57,53.08
2026-07-06,53.08,55.05,52.51,52.63
2026-07-07,52.93,53.37,52.44,53.27
2026-07-08,53.27,54.79,52.67,53.37
2026-07-09,53.37,53.68,51.81,51.99
2026-07-10,51.99,52.19,49.79,49.81
2026-07-11,49.81,50.58,49.52,50.58
2026-07-12,50.58,51.38,50.02,50.99
2026-07-13,50.99,51.78,50.67,51.07
2026-07-14,51.07,51.14,49.27,49.52
2026-07-15,49.52,49.54,47.88,49.03
2026-07-16,49.03,49.43,48.65,49.2
2026-07-17,49.2,50.55,48.82,48.96
2026-07-18,48.96,49.42,48.81,49.28
2026-07-19,49.28,50.02,49.2,49.74
2026-07-20,49.74,50.54,49.6,50.42
2026-07-21,50.31,51.99,50.28,50.99
2026-07-22,50.99,51.95,50.81,51.6
2026-07-23,51.6,51.82,51.27,51.63
2026-07-24,51.63,51.73,50.1,50.52
2026-07-25,50.52,51.58,50.25,51.52
2026-07-26,51.52,52.46,51.07,51.7
2026-07-27,51.7,52.03,50.8,51.87
2026-07-28,51.87,53.28,51.57,53.02
2026-07-29,53.02,53.33,52.2,52.46
2026-07-30,52.46,52.48,50.63,50.71
2026-07-31,50.71,50.87,48.69,50.21
2026-08-01,50.21,51.3,49.59,50.8
2026-08-02,50.8,50.91,49.51,49.74
2026-08-03,49.74,50.49,49.07,49.18
2026-08-04,49.18,49.58,47.77,47.81
2026-08-05,47.81,48.74,47.68,48.04
2026-08-06,48.04,48.11,47.68,47.98
2026-08-07,47.98,47.99,47.22,47.44
2026-08-08,47.44,48.1,47.44,48.08
2026-08-09,48.08,49.12,48.08,49.1
2026-08-10,49.1,49.88,48.88,49.72
2026-08-11,49.53,49.65,49.09,49.3
2026-08-12,49.3,50.02,49.14,49.36
2026-08-13,49.36,49.63,48.47,48.54
2026-08-14,48.54,48.58,47.01,47.18
2026-08-15,47.18,47.54,46.95,47.54
2026-08-16,47.54,47.72,47.35,47.49
2026-08-17,47.49,47.62,44.74,46.29
2026-08-18,45.71,46.4,45.39,46.1
2026-08-19,46.1,56.89,46.09,52.54
2026-08-20,52.54,53.61,50.21,52.57
2026-08-21,52.57,58.41,52.56,57.73
2026-08-22,57.73,59.04,56.27,57.01
2026-08-23,57.01,60.36,56.68,60.31
2026-08-24,60.31,60.49,58.42,58.44
2026-08-25,58.45,58.65,57.66,58.15
2026-08-26,58.15,58.66,55.39,56.06
2026-08-27,56.06,58.42,54.91,57.08
2026-08-28,57.08,57.08,50.85,50.85
2026-08-29,50.85,51.11,49.71,51.11
2026-08-30,51.11,51.98,50.77,51.76
2026-08-31,51.76,51.98,50.45,51.31
2026-09-01,51.31,52.06,50.0,51.83
2026-09-02,51.83,51.85,50.75,50.92
2026-09-03,50.92,53.42,50.43,53.28
2026-09-04,53.28,53.39,51.07,51.09
2026-09-05,50.47,51.77,50.34,51.72
2026-09-06,51.72,53.23,51.5,53.19
2026-09-07,53.19,53.19,52.16,52.6
2026-09-08,52.6,54.06,52.55,53.86
2026-09-09,53.86,55.25,53.33,53.73
2026-09-10,53.73,54.18,53.01,53.36
2026-09-11,53.36,53.97,51.76,51.76
2026-09-12,51.76,53.11,51.5,52.61
2026-09-13,52.61,54.49,52.58,54.29
2026-09-14,54.29,55.78,53.2,54.92
2026-09-15,54.71,57.29,54.42,55.19
2026-09-16,55.19,55.19,52.72,52.83
2026-09-17,52.83,53.41,50.1,50.11
2026-09-18,50.11,51.16,49.65,49.92
2026-09-19,49.92,51.21,49.64,50.81
2026-09-20,50.81,51.52,49.87,51.5
2026-09-21,51.5,54.32,51.47,52.61
2026-09-22,52.61,53.03,51.02,51.12
